data_iniSE,SE,casos_est,casos_est_min,casos_est_max,casos,p_rt1,p_inc100k,Localidade_id,nivel,id,versao_modelo,municipio_nome,tweet,Rt,pop,tempmin,umidmax,receptivo,transmissao,nivel_inc,umidmed,umidmin,tempmed,tempmax,casprov,casprov_est,casprov_est_min,casprov_est_max,casconf,notif_accum_year
1387670400000,201352,39.0,39,39,39,0.28900295,2.3586888,0,2,261160620135219589,2023-08-20,Recife,0,0.88550955,1653461,25.8571428571429,84.8571428571429,1,0,0,75.3256057142857,63.1428571428571,27.5754604285714,29.8571428571429,23,,,,,5067
1387065600000,201351,35.0,35,35,35,0.07960013,2.116772,0,2,261160620135119589,2023-08-20,Recife,0,0.7335537,1653461,25.1428571428571,85.8571428571429,1,0,0,76.6478957142857,62.1428571428571,26.8626578571429,29.1428571428571,15,,,,,5067
1386460800000,201350,46.0,46,46,46,0.30099228,2.7820432,0,2,261160620135019589,2023-08-20,Recife,0,0.89990497,1653461,25.2857142857143,84.8571428571429,1,0,0,72.5299177142857,56.7142857142857,27.3742545714286,30.1428571428571,21,,,,,5067
1385856000000,201349,52.0,52,52,52,0.40881476,3.1449184,0,2,261160620134919589,2023-08-20,Recife,0,0.9564302,1653461,25,88.5714285714286,1,0,0,75.6071428571429,59.8571428571429,27.2286865714286,29.4285714285714,25,,,,,5067
1385251200000,201348,41.0,41,41,41,0.11876739,2.4796472,0,2,261160620134819589,2023-08-20,Recife,0,0.78323776,1653461,25.5714285714286,84.8571428571429,1,0,0,73.2728957142857,59,27.0499714285714,29.1428571428571,18,,,,,5067
1384646400000,201347,71.0,71,71,71,0.9519127,4.294023,0,2,261160620134719589,2023-08-20,Recife,0,1.349788,1653461,24.1428571428571,89.8571428571429,1,1,1,76.9311222857143,63.8571428571429,26.2588484285714,28.7142857142857,42,,,,,5067
1384041600000,201346,42.0,42,42,42,0.049141362,2.5401263,0,2,261160620134619589,2023-08-20,Recife,0,0.7183892,1653461,25.8571428571429,78.5714285714286,1,0,0,69.4883928571429,57.1428571428571,27.1586308571429,29.2857142857143,24,,,,,5067
1383436800000,201345,54.0,54,54,54,0.21938686,3.2658768,0,2,261160620134519589,2023-08-20,Recife,0,0.8665374,1653461,24.4285714285714,88.4285714285714,1,0,1,75.6526922857143,62,26.8232742857143,29.1428571428571,34,,,,,5067
1382832000000,201344,51.0,51,51,51,0.2131315,3.0844393,0,2,261160620134419589,2023-08-20,Recife,0,0.85972977,1653461,24.5714285714286,87.4285714285714,1,0,0,75.46266,60.2857142857143,26.5528591428571,28.8571428571429,33,,,,,5067
1382227200000,201343,84.0,84,84,84,0.96265525,5.0802526,0,2,261160620134319589,2023-08-20,Recife,0,1.3434538,1653461,24.8571428571429,85.5714285714286,1,1,1,75.52575,60.1428571428571,26.5266974285714,28.7142857142857,30,,,,,5067
1381622400000,201342,40.0,40,40,40,0.0066778734,2.419168,0,2,261160620134219589,2023-08-20,Recife,0,0.6140163,1653461,24.8571428571429,88.7142857142857,1,0,0,74.14812,61.2857142857143,26.679368,28.5714285714286,22,,,,,5067
1381017600000,201341,65.0,65,65,65,0.7432633,3.931148,0,2,261160620134119589,2023-08-20,Recife,0,1.1248404,1653461,24,88,1,0,1,75.444798,61.2857142857143,26.3638561428571,28.2857142857143,45,,,,,5067
1380412800000,201340,80.0,80,80,80,0.99643433,4.838336,0,2,261160620134019589,2023-08-20,Recife,0,1.6125654,1653461,24.5714285714286,86.8571428571429,1,1,1,73.9471065714286,61.2857142857143,26.3990538571429,28.1428571428571,35,,,,,5067
1379808000000,201339,52.0,52,52,52,0.7347865,3.1449184,0,1,261160620133919589,2023-08-20,Recife,0,1.1347865,1653461,23.4285714285714,87.2857142857143,1,0,0,74.8214202857143,60.5714285714286,25.8046948571429,28,30,,,,,5067
1379203200000,201338,47.0,47,47,47,0.4311833,2.8425224,0,1,261160620133819589,2023-08-20,Recife,0,0.965322,1653461,23.1428571428571,83.2857142857143,1,0,0,68.9368625714286,52.2857142857143,24.8790117142857,27,23,,,,,5067
1378598400000,201337,49.0,49,49,49,0.15573928,2.963481,0,1,261160620133719589,2023-08-20,Recife,0,0.8236192,1653461,21,86.4285714285714,0,0,0,73.0687805714286,54.4285714285714,23.3392148571429,26.1428571428571,28,,,,,5067
1377993600000,201336,33.0,33,33,33,0.0004467278,1.9958136,0,1,261160620133619589,2023-08-20,Recife,0,0.5036514,1653461,22.4285714285714,84.1428571428571,0,0,0,70.1589934285714,55.4285714285714,24.3931872857143,26.4285714285714,21,,,,,5067
1377388800000,201335,70.0,70,70,70,0.60166407,4.233544,0,1,261160620133519589,2023-08-20,Recife,0,1.0448765,1653461,22.1428571428571,87.8571428571429,0,0,1,74.0793762857143,58.4285714285714,24.221426,26.4285714285714,44,,,,,5067
1376784000000,201334,73.0,73,73,73,0.45728627,4.414982,0,1,261160620133419589,2023-08-20,Recife,0,0.9825266,1653461,21.1428571428571,91,0,0,1,76.528742,58.7142857142857,23.4665935714286,26,51,,,,,5067
1376179200000,201333,54.0,54,54,54,0.008551876,3.2658768,0,1,261160620133319589,2023-08-20,Recife,0,0.661915,1653461,21.7142857142857,88.1428571428571,0,0,1,74.1107605714286,56.4285714285714,23.9280221428571,26.7142857142857,39,,,,,5067
1375574400000,201332,78.0,78,78,78,0.41172725,4.7173777,0,1,261160620133219589,2023-08-20,Recife,0,0.96529806,1653461,21.7142857142857,84.4285714285714,0,0,1,69.6198851428571,53,24.2589288571429,26.5714285714286,61,,,,,5067
1374969600000,201331,88.0,88,88,88,0.86156803,5.32217,0,1,261160620133119589,2023-08-20,Recife,0,1.186057,1653461,20.8571428571429,88.7142857142857,0,0,1,70.0538591428571,51.7142857142857,23.72267,26.1428571428571,49,,,,,5067
1374364800000,201330,84.0,84,84,84,0.8120573,5.0802526,0,1,261160620133019589,2023-08-20,Recife,0,1.1516182,1653461,21.4285714285714,90.7142857142857,0,0,1,74.6783051428571,53,23.9645984285714,27.1428571428571,45,,,,,5067
1373760000000,201329,76.0,76,76,76,0.30619857,4.5964193,0,1,261160620132919589,2023-08-20,Recife,0,0.92279893,1653461,21.5714285714286,89.2857142857143,0,0,1,76.4607357142857,58.8571428571429,23.5715631428571,26.1428571428571,59,,,,,5067
1373155200000,201328,55.0,55,55,55,0.0012746087,3.326356,0,1,261160620132819589,2023-08-20,Recife,0,0.60314995,1653461,21,90.8571428571429,0,0,1,77.778344,56.8571428571429,23.2598607142857,26.4285714285714,39,,,,,5067
1372550400000,201327,94.0,94,94,94,0.2730995,5.685045,0,1,261160620132719589,2023-08-20,Recife,0,0.91762173,1653461,21.4285714285714,93.4285714285714,0,0,1,77.5451612857143,60,23.6341042857143,26.4285714285714,67,,,,,5067
1371945600000,201326,91.0,91,91,91,0.008522005,5.5036073,0,1,261160620132619589,2023-08-20,Recife,0,0.7222241,1653461,21,88,0,0,1,76.0148585714286,56.5714285714286,23.79186,27.1428571428571,58,,,,,5067
1371340800000,201325,90.0,90,90,90,1.65942e-05,5.443128,0,1,261160620132519589,2023-08-20,Recife,0,0.5829497,1653461,22.1428571428571,91,0,0,1,76.31151,58.7142857142857,24.7098821428571,27.5714285714286,42,,,,,5067
1370736000000,201324,123.0,123,123,123,0.0014364939,7.4389415,0,1,261160620132419589,2023-08-20,Recife,0,0.7061278,1653461,21.5714285714286,90.7142857142857,0,0,1,77.8163944285714,60,24.1774682857143,27.1428571428571,78,,,,,5067
1370131200000,201323,164.0,164,164,164,0.0995082,9.918589,0,1,261160620132319589,2023-08-20,Recife,0,0.87205815,1653461,21.2857142857143,92.4285714285714,0,0,1,79.1032351428571,62.5714285714286,24.0759395714286,26.7142857142857,98,,,,,5067
1369526400000,201322,180.0,180,180,180,0.067562364,10.886256,0,1,261160620132219589,2023-08-20,Recife,0,0.85942984,1653461,22.5714285714286,88.2857142857143,0,0,1,74.1191882857143,56.1428571428571,25.1255192857143,27.8571428571429,102,,,,,5067
1368921600000,201321,183.0,183,183,183,0.006168322,11.067694,0,1,261160620132119589,2023-08-20,Recife,0,0.7821062,1653461,22.1428571428571,89.1428571428571,0,0,1,74.2797305714286,55.5714285714286,25.0652828571429,27.5714285714286,99,,,,,5067
1368316800000,201320,196.0,196,196,196,0.00880154,11.853924,0,1,261160620132019589,2023-08-20,Recife,0,0.7974097,1653461,22.8571428571429,91,0,0,1,76.361252,59.2857142857143,25.1305097142857,27.4285714285714,94,,,,,5067
1367712000000,201319,262.0,262,262,262,0.74208766,15.845551,0,1,261160620131919589,2023-08-20,Recife,0,1.0592365,1653461,22.7142857142857,89.8571428571429,0,0,1,73.8288402857143,56,25.6351067142857,28.2857142857143,147,,,,,5067
1367107200000,201318,234.0,234,234,234,0.42125222,14.152133,0,1,261160620131819589,2023-08-20,Recife,0,0.9818967,1653461,23,86.5714285714286,0,0,1,73.3881334285714,56.1428571428571,25.3267775714286,28.2857142857143,133,,,,,5067
1366502400000,201317,268.0,268,268,268,0.9744978,16.208426,0,1,261160620131719589,2023-08-20,Recife,0,1.1924537,1653461,22.8571428571429,89.2857142857143,0,1,1,74.3254865714286,55.1428571428571,25.4542165714286,28.5714285714286,156,,,,,5067
1365897600000,201316,233.0,233,233,233,0.9456397,14.091654,0,3,261160620131619589,2023-08-20,Recife,0,1.1668414,1653461,23.4285714285714,84.4285714285714,1,0,1,69.6459671428571,51.4285714285714,26.5439134285714,29.2857142857143,133,,,,,5067
1365292800000,201315,227.0,227,227,227,0.99970186,13.728779,0,3,261160620131519589,2023-08-20,Recife,0,1.4211681,1653461,24.1428571428571,83.2857142857143,1,1,1,68.9512108571429,51.2857142857143,27.1240938571429,29.7142857142857,109,,,,,5067
1364688000000,201314,228.0,228,228,228,0.99999994,13.789258,0,3,261160620131419589,2023-08-20,Recife,0,1.7816029,1653461,25,83.1428571428571,1,1,1,68.0424714285714,52,27.5531567142857,30.4285714285714,109,,,,,5067
1364083200000,201313,141.0,141,141,141,0.97200227,8.527567,0,2,261160620131319589,2023-08-20,Recife,0,1.2729782,1653461,25.5714285714286,77.5714285714286,1,1,1,64.2132775714286,46.8571428571429,27.9909272857143,30.2857142857143,72,,,,,5067
1363478400000,201312,122.0,122,122,122,0.9269423,7.3784623,0,2,261160620131219589,2023-08-20,Recife,0,1.2153324,1653461,25.1428571428571,83.5714285714286,1,0,1,69.1390142857143,53.1428571428571,27.3138131428571,29.2857142857143,66,,,,,5067
1362873600000,201311,113.0,113,113,113,0.926449,6.83415,0,2,261160620131119589,2023-08-20,Recife,0,1.2244436,1653461,25.5714285714286,79.4285714285714,1,0,1,66.456452,51.8571428571429,27.5763331428571,29.5714285714286,61,,,,,5067
1362268800000,201310,94.0,94,94,94,0.8063976,5.685045,0,2,261160620131019589,2023-08-20,Recife,0,1.1388141,1653461,25.5714285714286,78.5714285714286,1,0,1,68.62433,53.8571428571429,27.2783292857143,29.5714285714286,52,,,,,5067
1361664000000,201309,101.0,101,101,101,0.9872265,6.1083994,0,2,261160620130919589,2023-08-20,Recife,0,1.4069043,1653461,26.2857142857143,73.5714285714286,1,1,1,63.6300498571429,46.2857142857143,27.8900347142857,30.2857142857143,57,,,,,5067
1361059200000,201308,77.0,77,77,77,0.9266699,4.6568985,0,2,261160620130819589,2023-08-20,Recife,0,1.2816246,1653461,26,72.1428571428571,1,0,1,63.7839285714286,50.1428571428571,27.44375,29.7142857142857,38,,,,,5067
1360454400000,201307,79.0,79,79,79,0.9894195,4.777857,0,2,261160620130719589,2023-08-20,Recife,0,1.4985373,1653461,25.5714285714286,74.5714285714286,1,1,1,62.6178,48.5714285714286,27.7230701428571,30.2857142857143,45,,,,,5067
1359849600000,201306,55.0,55,55,55,0.626405,3.326356,0,2,261160620130619589,2023-08-20,Recife,0,1.064163,1653461,25.4285714285714,76.4285714285714,1,0,1,63.1535925714286,47,27.7136442857143,30.1428571428571,35,,,,,5067
1359244800000,201305,49.0,49,49,49,0.3716063,2.963481,0,2,261160620130519589,2023-08-20,Recife,0,0.93720484,1653461,24.8571428571429,76.5714285714286,1,0,0,61.942828,44.7142857142857,27.6478975714286,30.4285714285714,27,,,,,5067
1358640000000,201304,51.0,51,51,51,0.560823,3.0844393,0,2,261160620130419589,2023-08-20,Recife,0,1.0308816,1653461,25.2857142857143,77.1428571428571,1,0,0,64.9910714285714,48.4285714285714,27.5623972857143,30,32,,,,,5067
1358035200000,201303,56.0,56,56,56,0.9160874,3.3868353,0,2,261160620130319589,2023-08-20,Recife,0,1.3207949,1653461,25.1428571428571,78,1,0,1,68.7830928571429,54,27.071844,29,33,,,,,5067
1357430400000,201302,51.0,51,51,51,0.9627816,3.0844393,0,2,261160620130219589,2023-08-20,Recife,0,1.472938,1653461,25.2857142857143,77.1428571428571,1,0,0,64.432175,50.1428571428571,27.1974202857143,29.2857142857143,23,,,,,5067
1356825600000,201301,46.0,46,46,46,0.92349106,2.7820432,0,2,261160620130119589,2023-08-20,Recife,0,1.3787206,1653461,24.4285714285714,84.4285714285714,1,0,0,69.8146214285714,53,26.578684,28.8571428571429,20,,,,,5067
1419120000000,201452,149.0,149,149,149,0.2020502,9.011401,0,3,261160620145219589,2023-08-20,Recife,0,0.91002417,1653461,25.4285714285714,83.2857142857143,1,0,1,72.9170677142857,58.8571428571429,27.4091391428571,29.7142857142857,80,,,,,4381
1418515200000,201451,179.0,179,179,179,0.96245944,10.825777,0,3,261160620145119589,2023-08-20,Recife,0,1.2182478,1653461,25,89.2857142857143,1,1,1,74.3442757142857,57.1428571428571,27.2263654285714,30,96,,,,,4381
1417910400000,201450,179.0,179,179,179,0.99765027,10.825777,0,3,261160620145019589,2023-08-20,Recife,0,1.3820238,1653461,25.4285714285714,84,1,1,1,73.0727245714286,59.8571428571429,27.0491071428571,29.5714285714286,92,,,,,4381
1417305600000,201449,137.0,137,137,137,0.95061225,8.28565,0,3,261160620144919589,2023-08-20,Recife,0,1.2334907,1653461,24.1428571428571,91,1,1,1,75.7403334285714,56.5714285714286,26.75,29.5714285714286,90,,,,,4381
1416700800000,201448,135.0,135,135,135,0.99743265,8.164692,0,3,261160620144819589,2023-08-20,Recife,0,1.4524261,1653461,25,84.1428571428571,1,1,1,73.4307637142857,58.4285714285714,26.7566531428571,29.2857142857143,77,,,,,4381
1416096000000,201447,116.0,116,116,116,0.9945852,7.0155873,0,1,261160620144719589,2023-08-20,Recife,0,1.4417298,1653461,24.8571428571429,88.7142857142857,1,1,1,74.9041465714286,58.7142857142857,27.0919147142857,29.7142857142857,82,,,,,4381
1415491200000,201446,81.0,81,81,81,0.7531398,4.898815,0,1,261160620144619589,2023-08-20,Recife,0,1.1165559,1653461,25.7142857142857,81.2857142857143,1,0,1,72.813652,59.4285714285714,27.1578338571429,29.2857142857143,57,,,,,4381
1414886400000,201445,90.0,90,90,90,0.9427072,5.443128,0,1,261160620144519589,2023-08-20,Recife,0,1.2836645,1653461,23,92.7142857142857,0,0,1,75.6466817142857,61.4285714285714,26.0758125714286,28.5714285714286,54,,,,,4381
1414281600000,201444,58.0,58,58,58,0.21162874,3.5077937,0,2,261160620144419589,2023-08-20,Recife,0,0.8667538,1653461,24.7142857142857,85.7142857142857,1,0,1,74.4698525714286,61.7142857142857,26.6454684285714,28.8571428571429,29,,,,,4381
1413676800000,201443,81.0,81,81,81,0.9403919,4.898815,0,1,261160620144319589,2023-08-20,Recife,0,1.2976322,1653461,24.8571428571429,84.7142857142857,1,0,1,74.2866158571429,62,26.4243762857143,28.4285714285714,48,,,,,4381
1413072000000,201442,62.0,62,62,62,0.5922581,3.7497106,0,1,261160620144219589,2023-08-20,Recife,0,1.0431153,1653461,24.4285714285714,88.7142857142857,1,0,1,75.87765,61.7142857142857,26.3763251428571,28.7142857142857,29,,,,,4381
1412467200000,201441,68.0,68,68,68,0.7045635,4.1125855,0,1,261160620144119589,2023-08-20,Recife,0,1.0986521,1653461,23,96.7142857142857,0,0,1,82.2841558571428,65.8571428571429,25.3851158571429,28.2857142857143,28,,,,,4381
1411862400000,201440,50.0,50,50,50,0.07962593,3.02396,0,2,261160620144019589,2023-08-20,Recife,0,0.7689993,1653461,24.8571428571429,88,1,0,0,75.5125671428571,62.4285714285714,26.5794645714286,28.8571428571429,20,,,,,4381
1411257600000,201439,65.0,65,65,65,0.48389497,3.931148,0,1,261160620143919589,2023-08-20,Recife,0,0.99297667,1653461,24.5714285714286,84.7142857142857,1,0,1,74.4464614285714,60.4285714285714,26.3068505714286,28.4285714285714,34,,,,,4381
1410652800000,201438,68.0,68,68,68,0.74264294,4.1125855,0,1,261160620143819589,2023-08-20,Recife,0,1.1214349,1653461,23.1428571428571,91.8571428571429,1,0,1,77.8272822857143,61.8571428571429,25.3224064285714,27.8571428571429,26,,,,,4381
1410048000000,201437,63.0,63,63,63,0.85667914,3.8101897,0,1,261160620143719589,2023-08-20,Recife,0,1.2199306,1653461,22,98.2857142857143,0,0,1,86.0267328571429,71.4285714285714,24.2376294285714,27,25,,,,,4381
1409443200000,201436,75.0,75,75,75,0.9803943,4.53594,0,1,261160620143619589,2023-08-20,Recife,0,1.4447392,1653461,22.4285714285714,94.2857142857143,0,1,1,81.3455451428571,64.5714285714286,25.0273137142857,27.7142857142857,35,,,,,4381
1408838400000,201435,37.0,37,37,37,0.009893748,2.2377305,0,1,261160620143519589,2023-08-20,Recife,0,0.61966425,1653461,23.1428571428571,89.4285714285714,1,0,0,76.9391228571429,62.5714285714286,25.6168831428571,28,18,,,,,4381
1408233600000,201434,47.0,47,47,47,0.041790508,2.8425224,0,1,261160620143419589,2023-08-20,Recife,0,0.72063285,1653461,21.5714285714286,95.8571428571429,0,0,0,82.0206094285714,63.4285714285714,23.8741395714286,26.8571428571429,23,,,,,4381
1407628800000,201433,68.0,68,68,68,0.399543,4.1125855,0,1,261160620143319589,2023-08-20,Recife,0,0.95785886,1653461,21.7142857142857,96.5714285714286,0,0,1,77.5904994285714,55.7142857142857,24.7897628571429,27.4285714285714,37,,,,,4381
1407024000000,201432,63.0,63,63,63,0.10643133,3.8101897,0,1,261160620143219589,2023-08-20,Recife,0,0.81060016,1653461,23,92.1428571428571,0,0,1,80.3822688571429,63.7142857142857,25.1139691428571,27.8571428571429,27,,,,,4381
1406419200000,201431,66.0,66,66,66,0.07809176,3.9916272,0,1,261160620143119589,2023-08-20,Recife,0,0.79273385,1653461,22.1428571428571,95.1428571428571,0,0,1,81.621572,60.5714285714286,24.483013,27.2857142857143,22,,,,,4381
1405814400000,201430,89.0,89,89,89,0.5148727,5.382649,0,1,261160620143019589,2023-08-20,Recife,0,1.0056002,1653461,23.1428571428571,90.5714285714286,1,0,1,77.4452594285714,62.8571428571429,25.630104,28,44,,,,,4381
1405209600000,201429,69.0,69,69,69,0.07962175,4.1730647,0,1,261160620142919589,2023-08-20,Recife,0,0.79781264,1653461,23,96.1428571428571,0,0,1,81.4236535714286,64.5714285714286,25.3544354285714,27.8571428571429,33,,,,,4381
1404604800000,201428,107.0,107,107,107,0.9412551,6.4712744,0,1,261160620142819589,2023-08-20,Recife,0,1.2535278,1653461,23.1428571428571,93,1,0,1,77.3196448571429,61,25.7395901428571,28.2857142857143,42,,,,,4381
1404000000000,201427,81.0,81,81,81,0.11568075,4.898815,0,1,261160620142719589,2023-08-20,Recife,0,0.83577347,1653461,22,96.7142857142857,0,0,1,82.4504614285714,66.2857142857143,24.65769,27.5714285714286,33,,,,,4381
1403395200000,201426,80.0,80,80,80,0.0015637196,4.838336,0,1,261160620142619589,2023-08-20,Recife,0,0.65719146,1653461,22.5714285714286,99,0,0,1,87.6063331428571,71.7142857142857,24.7323258571429,27.7142857142857,40,,,,,4381
1402790400000,201425,86.0,86,86,86,0.0001882653,5.2012115,0,1,261160620142519589,2023-08-20,Recife,0,0.61875874,1653461,23,91.5714285714286,0,0,1,78.0584005714286,61.7142857142857,26.0143721428571,28.5714285714286,44,,,,,4381
1402185600000,201424,120.0,120,120,120,0.17822228,7.257504,0,1,261160620142419589,2023-08-20,Recife,0,0.89094424,1653461,24.1428571428571,90.5714285714286,1,0,1,79.5613765714286,64.2857142857143,26.1857844285714,28.7142857142857,65,,,,,4381
1401580800000,201423,172.0,172,172,172,0.993347,10.402423,0,1,261160620142319589,2023-08-20,Recife,0,1.3315533,1653461,23.7142857142857,93.5714285714286,1,1,1,77.5548677142857,61,26.6988765714286,29.2857142857143,81,,,,,4381
1400976000000,201422,121.0,121,121,121,0.2877598,7.317983,0,1,261160620142219589,2023-08-20,Recife,0,0.93182373,1653461,22.7142857142857,97.4285714285714,0,0,1,83.2421985714286,64,25.4048267142857,28.7142857142857,57,,,,,4381
1400371200000,201421,126.0,126,126,126,0.6073746,7.6203794,0,3,261160620142119589,2023-08-20,Recife,0,1.0351738,1653461,23.5714285714286,97.5714285714286,1,0,1,83.818152,67.5714285714286,26.2547822857143,29.5714285714286,61,,,,,4381
1399766400000,201420,133.0,133,133,133,0.98491454,8.043734,0,3,261160620142019589,2023-08-20,Recife,0,1.3296971,1653461,24,97.5714285714286,1,1,1,84.8390051428571,61.2857142857143,26.3402647142857,29.2857142857143,66,,,,,4381
1399161600000,201419,144.0,144,144,144,0.9999881,8.709005,0,2,261160620141919589,2023-08-20,Recife,0,1.77481,1653461,23.2857142857143,97,1,1,1,85.8376435714286,67.8571428571429,25.8228527142857,29,71,,,,,4381
1398556800000,201418,84.0,84,84,84,0.8544666,5.0802526,0,2,261160620141819589,2023-08-20,Recife,0,1.184718,1653461,23.4285714285714,99.1428571428571,1,0,1,86.7197128571429,68,25.9546121428571,29.1428571428571,42,,,,,4381
1397952000000,201417,87.0,87,87,87,0.93892074,5.2616906,0,2,261160620141719589,2023-08-20,Recife,0,1.2823977,1653461,24.7142857142857,90.5714285714286,1,0,1,76.2382285714286,57.7142857142857,27.8094705714286,30.2857142857143,48,,,,,4381
1397347200000,201416,57.0,57,57,57,0.25137508,3.4473145,0,2,261160620141619589,2023-08-20,Recife,0,0.8857114,1653461,25.4285714285714,90.4285714285714,1,0,1,74.7060228571429,60,28.0205645714286,30.1428571428571,22,,,,,4381
1396742400000,201415,79.0,79,79,79,0.9029078,4.777857,0,2,261160620141519589,2023-08-20,Recife,0,1.2429363,1653461,24.8571428571429,94.4285714285714,1,0,1,79.3409957142857,61.5714285714286,28.0125114285714,30.5714285714286,45,,,,,4381
1396137600000,201414,59.0,59,59,59,0.2554825,3.5682728,0,2,261160620141419589,2023-08-20,Recife,0,0.8894593,1653461,25,93.7142857142857,1,0,1,78.7882194285714,63.5714285714286,27.5699692857143,30,35,,,,,4381
1395532800000,201413,60.0,60,60,60,0.30236414,3.628752,0,2,261160620141319589,2023-08-20,Recife,0,0.9120623,1653461,25,88.5714285714286,1,0,1,74.7984368571429,60.5714285714286,27.8419687142857,30.4285714285714,29,,,,,4381
1394928000000,201412,70.0,70,70,70,0.7836602,4.233544,0,2,261160620141219589,2023-08-20,Recife,0,1.1466006,1653461,25.5714285714286,92,1,0,1,79.2624878571429,60.7142857142857,27.7074637142857,30,31,,,,,4381
1394323200000,201411,72.0,72,72,72,0.8554623,4.3545027,0,2,261160620141119589,2023-08-20,Recife,0,1.2025498,1653461,24.4285714285714,93.5714285714286,1,0,1,80.6125977142857,64.4285714285714,26.899211,29.1428571428571,33,,,,,4381
1393718400000,201410,56.0,56,56,56,0.28847265,3.3868353,0,2,261160620141019589,2023-08-20,Recife,0,0.9026712,1653461,24.8571428571429,89.7142857142857,1,0,1,73.9079828571429,59.7142857142857,27.6817697142857,30.1428571428571,28,,,,,4381
1393113600000,201409,56.0,56,56,56,0.32571825,3.3868353,0,2,261160620140919589,2023-08-20,Recife,0,0.9200585,1653461,24.7142857142857,87.5714285714286,1,0,1,73.8287814285714,58.4285714285714,27.5787441428571,30,26,,,,,4381
1392508800000,201408,68.0,68,68,68,0.7953239,4.1125855,0,2,261160620140819589,2023-08-20,Recife,0,1.1575195,1653461,24.8571428571429,90.2857142857143,1,0,1,74.4270657142857,61.4285714285714,27.6144392857143,30,24,,,,,4381
1391904000000,201407,63.0,63,63,63,0.5838763,3.8101897,0,2,261160620140719589,2023-08-20,Recife,0,1.0387027,1653461,24,95.1428571428571,1,0,1,78.2781871428571,63.5714285714286,26.9272904285714,29.4285714285714,22,,,,,4381
1391299200000,201406,52.0,52,52,52,0.24180777,3.1449184,0,2,261160620140619589,2023-08-20,Recife,0,0.8759831,1653461,23.8571428571429,95,1,0,0,78.5391245714286,62.7142857142857,26.6289555714286,29.1428571428571,22,,,,,4381
1390694400000,201405,62.0,62,62,62,0.870598,3.7497106,0,2,261160620140519589,2023-08-20,Recife,0,1.2375273,1653461,25.4285714285714,84.5714285714286,1,0,1,73.08943,59.4285714285714,27.6021022857143,29.8571428571429,26,,,,,4381
1390089600000,201404,72.0,72,72,72,0.9980548,4.3545027,0,2,261160620140419589,2023-08-20,Recife,0,1.7331996,1653461,25.5714285714286,83.5714285714286,1,1,1,72.6425262857143,59.1428571428571,27.4413942857143,29.5714285714286,22,,,,,4381
1389484800000,201403,43.0,43,43,43,0.7279022,2.6006057,0,2,261160620140319589,2023-08-20,Recife,0,1.1440476,1653461,25,88.8571428571429,1,0,0,75.6379422857143,60.2857142857143,27.2637787142857,29.5714285714286,13,,,,,4381
1388880000000,201402,42.0,42,42,42,0.70453465,2.5401263,0,2,261160620140219589,2023-08-20,Recife,0,1.1277595,1653461,23.8571428571429,90.4285714285714,1,0,0,77.7396222857143,60.4285714285714,26.0991947142857,28.7142857142857,17,,,,,4381
1388275200000,201401,34.0,34,34,34,0.26427498,2.0562928,0,2,261160620140119589,2023-08-20,Recife,0,0.8637118,1653461,25.7142857142857,82.5714285714286,1,0,0,71.2181742857143,56.1428571428571,27.5249138571429,29.7142857142857,22,,,,,4381
1451174400000,201552,537.0,537,537,537,0.0,32.47733,0,4,261160620155219589,2023-08-20,Recife,0,0.56244034,1653461,26,82.7142857142857,1,0,2,77.484618,70,26.6773724285714,27.4285714285714,634,,,,,41361
1450569600000,201551,787.0,787,787,787,0.0,47.59713,0,4,261160620155119589,2023-08-20,Recife,0,0.70661575,1653461,25.8571428571429,80.1428571428571,1,0,2,74.87153,67.1428571428571,26.6483135714286,27.4285714285714,584,,,,,41361
1449964800000,201550,967.0,967,967,967,7.854e-07,58.483387,0,4,261160620155019589,2023-08-20,Recife,0,0.8127635,1653461,26,81.4285714285714,1,0,2,76.2700215714286,67.4285714285714,26.5988455714286,27.1428571428571,753,,,,,41361
1449360000000,201549,1125.0,1125,1125,1125,0.24757382,68.0391,0,4,261160620154919589,2023-08-20,Recife,0,0.9718518,1653461,25.4285714285714,82.2857142857143,1,0,2,72.18894,60.2857142857143,27.2395032857143,29,895,,,,,41361
1448755200000,201548,1340.0,1340,1340,1340,0.99999934,81.04213,0,4,261160620154819589,2023-08-20,Recife,0,1.2170869,1653461,24.8571428571429,82.8571428571429,1,1,2,68.8364534285714,51.5714285714286,27.5177804285714,30.7142857142857,1140,,,,,41361
1448150400000,201547,1094.0,1094,1094,1094,0.9445521,66.164246,0,4,261160620154719589,2023-08-20,Recife,0,1.0718011,1653461,25.2857142857143,83.4285714285714,1,0,2,69.9491991428571,51.2857142857143,27.7949507142857,30.7142857142857,890,,,,,41361
1447545600000,201546,1133.0,1133,1133,1133,1.0,68.522934,0,4,261160620154619589,2023-08-20,Recife,0,1.2916545,1653461,25,84.7142857142857,1,1,2,70.7964572857143,53.8571428571429,27.2897455714286,29.8571428571429,986,,,,,41361
1446940800000,201545,1071.0,1071,1071,1071,1.0,64.773224,0,4,261160620154519589,2023-08-20,Recife,0,1.4846537,1653461,25.5714285714286,78.7142857142857,1,1,2,67.34375,50.8571428571429,27.1964285714286,29.8571428571429,880,,,,,41361
1446336000000,201544,925.0,925,925,925,1.0,55.94326,0,4,261160620154419589,2023-08-20,Recife,0,1.454768,1653461,25.375,80.625,1,1,2,68.9501075,53.625,27.16364875,29.75,759,,,,,41361
1445731200000,201543,619.0,619,619,619,0.78983796,37.436626,0,4,261160620154319589,2023-08-20,Recife,0,1.0474141,1653461,25.8571428571429,75.2857142857143,1,0,2,65.9563657142857,51.7142857142857,27.2692971428571,29.2857142857143,511,,,,,41361
1445126400000,201542,655.0,655,655,655,0.9993532,39.613876,0,4,261160620154219589,2023-08-20,Recife,0,1.2046525,1653461,25.1428571428571,78.5714285714286,1,1,2,69.0105564285714,56.5714285714286,26.9526917142857,29,504,,,,,41361
1444521600000,201541,588.0,588,588,588,0.9998779,35.56177,0,4,261160620154119589,2023-08-20,Recife,0,1.2539545,1653461,24.2857142857143,88.1428571428571,1,1,2,70.6637237142857,53.4285714285714,26.5648951428571,29,495,,,,,41361
1443916800000,201540,560.0,560,560,560,1.0,33.86835,0,4,261160620154019589,2023-08-20,Recife,0,1.4765937,1653461,24.8571428571429,81.1428571428571,1,1,2,68.6952114285714,54.2857142857143,26.7828734285714,29.2857142857143,457,,,,,41361
1443312000000,201539,508.0,508,508,508,0.9999999,30.723434,0,4,261160620153919589,2023-08-20,Recife,0,1.4237647,1653461,25.7142857142857,75.8571428571429,1,1,2,66.4792622857143,51.7142857142857,26.9160425714286,29,403,,,,,41361
1442707200000,201538,344.0,344,344,344,0.0007858521,20.804846,0,2,261160620153819589,2023-08-20,Recife,0,0.7964599,1653461,25.5714285714286,75.7142857142857,1,0,2,67.7678571428571,55,26.9508928571429,29,246,,,,,41361
1442102400000,201537,252.0,252,252,252,0.0,15.240759,0,4,261160620153719589,2023-08-20,Recife,0,0.4871955,1653461,24.1428571428571,85.5714285714286,1,0,1,70.4238194285714,54.8571428571429,26.4812788571429,28.7142857142857,166,,,,,41361
1441497600000,201536,471.0,471,471,471,0.011957031,28.485704,0,4,261160620153619589,2023-08-20,Recife,0,0.86763734,1653461,25,82,1,0,2,68.9098178571429,54.7142857142857,26.643903,28.8571428571429,198,,,,,41361
1440892800000,201535,535.0,535,535,535,0.93844396,32.356373,0,4,261160620153519589,2023-08-20,Recife,0,1.1013473,1653461,22.4285714285714,91.7142857142857,0,0,2,75.9104937142857,58.5714285714286,25.5781868571429,28.2857142857143,153,,,,,41361
1440288000000,201534,604.0,604,604,604,1.0,36.529438,0,4,261160620153419589,2023-08-20,Recife,0,1.4881513,1653461,23.1428571428571,86.8571428571429,1,1,2,72.0089285714286,57,25.9776785714286,28.5714285714286,146,,,,,41361
1439683200000,201533,531.0,531,531,531,0.99999994,32.114456,0,1,261160620153319589,2023-08-20,Recife,0,1.4252322,1653461,23.5714285714286,87.7142857142857,1,1,2,73.2056448571429,57.4285714285714,25.8640814285714,28,178,,,,,41361
1439078400000,201532,307.0,307,307,307,0.011841515,18.567114,0,1,261160620153219589,2023-08-20,Recife,0,0.8397243,1653461,22,92.4285714285714,0,0,1,77.3537071428571,60.8571428571429,24.9867494285714,27.5714285714286,151,,,,,41361
1438473600000,201531,430.0,430,430,430,0.97775245,26.006056,0,1,261160620153119589,2023-08-20,Recife,0,1.1524788,1653461,22.8571428571429,86.8571428571429,0,1,2,73.5926751428571,58,25.4297011428571,28,117,,,,,41361
1437868800000,201530,301.0,301,301,301,8.6154e-05,18.204239,0,1,261160620153019589,2023-08-20,Recife,0,0.75203025,1653461,22.4285714285714,95.7142857142857,0,0,1,83.0359805714286,58.7142857142857,24.4664752857143,27,74,,,,,41361
1437264000000,201529,443.0,443,443,443,0.23164144,26.792286,0,1,261160620152919589,2023-08-20,Recife,0,0.9525018,1653461,22.1428571428571,96.1428571428571,0,0,2,83.7661308571429,66.4285714285714,24.2521391428571,26.8571428571429,85,,,,,41361
1436659200000,201528,281.0,281,281,281,0.0,16.994656,0,4,261160620152819589,2023-08-20,Recife,0,0.5849597,1653461,23.8571428571429,89.4285714285714,1,0,1,74.4303871428571,58,26.136104,28.5714285714286,122,,,,,41361
1436054400000,201527,554.0,554,554,554,0.9998031,33.505478,0,4,261160620152719589,2023-08-20,Recife,0,1.252558,1653461,23.2857142857143,93.7142857142857,1,1,2,79.4147465714286,60.5714285714286,25.6136051428571,28.7142857142857,131,,,,,41361
1435449600000,201526,535.0,535,535,535,0.99866253,32.356373,0,4,261160620152619589,2023-08-20,Recife,0,1.2123613,1653461,23.2857142857143,98.2857142857143,1,1,2,84.5312294285714,70,25.5197467142857,28.2857142857143,136,,,,,41361
1434844800000,201525,386.0,386,386,386,0.0006210792,23.34497,0,4,261160620152519589,2023-08-20,Recife,0,0.8026063,1653461,22.4285714285714,97.4285714285714,0,0,2,82.8241757142857,56.1428571428571,25.0718732857143,27.8571428571429,140,,,,,41361
1434240000000,201524,406.0,406,406,406,0.0006232774,24.554556,0,4,261160620152419589,2023-08-20,Recife,0,0.8068427,1653461,23.4285714285714,93,1,0,2,78.07089,59.5714285714286,26.226296,29.1428571428571,202,,,,,41361
1433635200000,201523,525.0,525,525,525,0.3230056,31.751581,0,4,261160620152319589,2023-08-20,Recife,0,0.9722527,1653461,23,95.7142857142857,0,0,2,79.185388,60.5714285714286,26.1350038571429,29,290,,,,,41361
1433030400000,201522,517.0,517,517,517,2.64338e-05,31.267746,0,4,261160620152219589,2023-08-20,Recife,0,0.789076,1653461,23.2857142857143,96.7142857142857,1,0,2,81.2657128571429,56.7142857142857,26.0725384285714,29,300,,,,,41361
1432425600000,201521,450.0,450,450,450,0.0,27.215641,0,4,261160620152119589,2023-08-20,Recife,0,0.54489714,1653461,24.5714285714286,92.8571428571429,1,0,2,78.6584437142857,61.1428571428571,27.1346751428571,29.8571428571429,358,,,,,41361
1431820800000,201520,655.0,655,655,655,0.0,39.613876,0,4,261160620152019589,2023-08-20,Recife,0,0.6386252,1653461,24,94.1428571428571,1,0,2,78.4848871428571,60.2857142857143,27.0589167142857,30,559,,,,,41361
1431216000000,201519,812.0,812,812,812,0.0,49.10911,0,4,261160620151919589,2023-08-20,Recife,0,0.64353293,1653461,24.8571428571429,88.1428571428571,1,0,2,73.8689911428571,58,27.5323188571429,30.1428571428571,674,,,,,41361
1430611200000,201518,1020.0,1020,1020,1020,0.0,61.688786,0,4,261160620151819589,2023-08-20,Recife,0,0.6903164,1653461,24.4285714285714,92.2857142857143,1,0,2,76.3376122857143,61.7142857142857,27.5457398571429,30,969,,,,,41361
1430006400000,201517,1199.0,1199,1199,1199,0.0,72.514565,0,4,261160620151719589,2023-08-20,Recife,0,0.75627804,1653461,26.1428571428571,83.1428571428571,1,0,2,71.4003791428571,56.8571428571429,28.333601,30.5714285714286,1131,,,,,41361
1429401600000,201516,1661.0,1661,1661,1661,0.3586092,100.455956,0,4,261160620151619589,2023-08-20,Recife,0,0.9875514,1653461,25.1428571428571,89.5714285714286,1,0,2,76.9377305714286,58.1428571428571,27.6988192857143,30.7142857142857,1663,,,,,41361
1428796800000,201515,1547.0,1547,1547,1547,1.34191e-05,93.561325,0,4,261160620151519589,2023-08-20,Recife,0,0.8645407,1653461,25.7142857142857,86.8571428571429,1,0,2,73.4604842857143,58.1428571428571,28.1475997142857,30.5714285714286,1747,,,,,41361
1428192000000,201514,1602.0,1602,1602,1602,0.0004008158,96.88768,0,4,261160620151419589,2023-08-20,Recife,0,0.89130175,1653461,24.8571428571429,93.2857142857143,1,0,2,76.7788585714286,60.7142857142857,27.9583331428571,30.7142857142857,1872,,,,,41361
1427587200000,201513,1959.0,1959,1959,1959,0.9999798,118.47875,0,4,261160620151319589,2023-08-20,Recife,0,1.145302,1653461,24.2857142857143,89.8571428571429,1,1,2,73.430222,55.2857142857143,27.3154221428571,30.2857142857143,1998,,,,,41361
1426982400000,201512,1791.0,1791,1791,1791,0.99998945,108.31825,0,4,261160620151219589,2023-08-20,Recife,0,1.1588405,1653461,24.7142857142857,90,1,1,2,77.245248,62.1428571428571,27.376847,30.1428571428571,1599,,,,,41361
1426377600000,201511,1781.0,1781,1781,1781,1.0,107.713455,0,4,261160620151119589,2023-08-20,Recife,0,1.3827333,1653461,25.7142857142857,86.8571428571429,1,1,2,76.006358,61.4285714285714,27.8639611428571,30,1469,,,,,41361
1425772800000,201510,1576.0,1576,1576,1576,1.0,95.31522,0,4,261160620151019589,2023-08-20,Recife,0,1.6292732,1653461,25.2857142857143,87.8571428571429,1,1,2,77.5667805714286,55.2857142857143,27.2970874285714,29.4285714285714,1289,,,,,41361
1425168000000,201509,1397.0,1397,1397,1397,1.0,84.48944,0,4,261160620150919589,2023-08-20,Recife,0,1.9542398,1653461,25.1428571428571,91.2857142857143,1,1,2,76.2003042857143,61.8571428571429,27.7158264285714,30.1428571428571,1166,,,,,41361
1424563200000,201508,892.0,892,892,892,1.0,53.94745,0,4,261160620150819589,2023-08-20,Recife,0,1.4931049,1653461,25.2857142857143,87.1428571428571,1,1,2,74.0157322857143,55.8571428571429,27.7583918571429,30.2857142857143,745,,,,,41361
1423958400000,201507,646.0,646,646,646,0.9838021,39.069565,0,4,261160620150719589,2023-08-20,Recife,0,1.1305577,1653461,25.5714285714286,89.7142857142857,1,1,2,75.5935194285714,59.5714285714286,27.6729551428571,30.5714285714286,512,,,,,41361
1423353600000,201506,543.0,543,543,543,0.37255138,32.840206,0,4,261160620150619589,2023-08-20,Recife,0,0.98056495,1653461,26.1428571428571,85.2857142857143,1,0,2,71.89533,55.7142857142857,28.2739357142857,31.2857142857143,424,,,,,41361
1422748800000,201505,590.0,590,590,590,0.9931201,35.682728,0,4,261160620150519589,2023-08-20,Recife,0,1.1604509,1653461,26.8571428571429,80.4285714285714,1,1,2,71.2157257142857,56.7142857142857,28.1336405714286,30.5714285714286,455,,,,,41361
1422144000000,201504,578.0,578,578,578,0.9999977,34.956978,0,4,261160620150419589,2023-08-20,Recife,0,1.3359985,1653461,25.7142857142857,85.2857142857143,1,1,2,71.9278597142857,53.5714285714286,27.5873565714286,30.4285714285714,423,,,,,41361
1421539200000,201503,515.0,515,515,515,1.0,31.146788,0,4,261160620150319589,2023-08-20,Recife,0,1.6187279,1653461,25.5714285714286,85.1428571428571,1,1,2,71.9485885714286,56,27.7667048571429,30.4285714285714,387,,,,,41361
1420934400000,201502,461.0,461,461,461,1.0,27.88091,0,4,261160620150219589,2023-08-20,Recife,0,2.2598534,1653461,25.1428571428571,85,1,1,2,72.2708702857143,57,27.4122637142857,30,358,,,,,41361
1420329600000,201501,355.0,355,355,355,1.0,21.470116,0,2,261160620150119589,2023-08-20,Recife,0,2.2115304,1653461,25.1428571428571,83.5714285714286,1,1,2,71.18945,56.1428571428571,27.3751148571429,29.8571428571429,272,,,,,41361
1482624000000,201652,404.0,404,404,404,1.0,24.433598,0,2,261160620165219589,2023-08-20,Recife,0,4.8023505,1653461,26.2857142857143,86,1,1,2,77.3266808571429,67.8571428571429,27.2061448571429,28,45,,,,,24721
1482019200000,201651,64.0,64,64,64,0.45962244,3.870669,0,2,261160620165119589,2023-08-20,Recife,0,0.98237175,1653461,25.2857142857143,88.1428571428571,1,0,1,79.6554842857143,68.2857142857143,26.6540814285714,27.8571428571429,41,,,,,24721
1481414400000,201650,67.0,67,67,67,0.58896935,4.0521064,0,2,261160620165019589,2023-08-20,Recife,0,1.0398884,1653461,26.2857142857143,84.5714285714286,1,0,1,78.4738514285714,71.1428571428571,26.9072421428571,27.5714285714286,51,,,,,24721
1480809600000,201649,69.0,69,69,69,0.5609252,4.1730647,0,2,261160620164919589,2023-08-20,Recife,0,1.0265393,1653461,26.2857142857143,83,1,0,1,78.1507952857143,69.4285714285714,26.9747021428571,27.7142857142857,51,,,,,24721
1480204800000,201648,57.0,57,57,57,0.14032766,3.4473145,0,2,261160620164819589,2023-08-20,Recife,0,0.82532465,1653461,26.4285714285714,81.7142857142857,1,0,1,75.6168508571429,66.5714285714286,27.0248015714286,27.8571428571429,44,,,,,24721
1479600000000,201647,71.0,71,71,71,0.61817634,4.294023,0,2,261160620164719589,2023-08-20,Recife,0,1.0522816,1653461,26.2857142857143,80,1,0,1,76.2499998571429,69.4285714285714,26.8913692857143,27.4285714285714,54,,,,,24721
1478995200000,201646,72.0,72,72,72,0.6553259,4.3545027,0,2,261160620164619589,2023-08-20,Recife,0,1.0698895,1653461,25.8571428571429,88.8571428571429,1,0,1,79.3375928571429,68,26.9334225714286,28.5714285714286,55,,,,,24721
1478390400000,201645,68.0,68,68,68,0.3408513,4.1125855,0,2,261160620164519589,2023-08-20,Recife,0,0.93338984,1653461,25.8571428571429,82.8571428571429,1,0,1,77.3160051428572,68.8571428571429,26.7020607142857,27.7142857142857,46,,,,,24721
1477785600000,201644,61.0,61,61,61,0.058374017,3.6892312,0,2,261160620164419589,2023-08-20,Recife,0,0.7671892,1653461,25.5714285714286,83.5714285714286,1,0,1,76.740574,69,26.5153767142857,27.7142857142857,53,,,,,24721
1477180800000,201643,73.0,73,73,73,0.19728717,4.414982,0,2,261160620164319589,2023-08-20,Recife,0,0.872975,1653461,25.8571428571429,79.7142857142857,1,0,1,75.19365,67.7142857142857,26.4412697142857,27.2857142857143,47,,,,,24721
1476576000000,201642,85.0,85,85,85,0.43679497,5.1407323,0,2,261160620164219589,2023-08-20,Recife,0,0.9760915,1653461,25.7142857142857,82,1,0,1,76.69246,68.5714285714286,26.2847221428571,27,58,,,,,24721
1475971200000,201641,80.0,80,80,80,0.28639102,4.838336,0,2,261160620164119589,2023-08-20,Recife,0,0.9166467,1653461,25.4285714285714,84.1428571428571,1,0,1,75.972484,65.1428571428571,26.3185877142857,27.8571428571429,59,,,,,24721
1475366400000,201640,90.0,90,90,90,0.6422923,5.443128,0,2,261160620164019589,2023-08-20,Recife,0,1.0565103,1653461,24.8571428571429,83.7142857142857,1,0,1,76.2964914285714,64.8571428571429,25.9302397142857,27.5714285714286,62,,,,,24721
1474761600000,201639,94.0,94,94,94,0.7688369,5.685045,0,2,261160620163919589,2023-08-20,Recife,0,1.1162155,1653461,25.5714285714286,81.4285714285714,1,0,1,74.4764888571429,66.2857142857143,26.3407971428571,27.5714285714286,42,,,,,24721
1474156800000,201638,75.0,75,75,75,0.31936136,4.53594,0,2,261160620163819589,2023-08-20,Recife,0,0.92770576,1653461,24.8571428571429,82.5714285714286,1,0,1,76.989448,69.4285714285714,25.8603085714286,27,43,,,,,24721
1473552000000,201637,96.0,96,96,96,0.81922925,5.806003,0,2,261160620163719589,2023-08-20,Recife,0,1.1456069,1653461,24.7142857142857,85.7142857142857,1,0,1,79.9573042857143,72.7142857142857,25.2081982857143,26.2857142857143,67,,,,,24721
1472947200000,201636,76.0,76,76,76,0.037120197,4.5964193,0,2,261160620163619589,2023-08-20,Recife,0,0.7633529,1653461,24.2857142857143,82.7142857142857,1,0,1,74.7743502857143,64.5714285714286,25.3993954285714,26.8571428571429,57,,,,,24721
1472342400000,201635,71.0,71,71,71,0.0002881178,4.294023,0,2,261160620163519589,2023-08-20,Recife,0,0.6018508,1653461,24.4285714285714,87.5714285714286,1,0,1,77.385146,68,25.8306277142857,27.1428571428571,56,,,,,24721
1471737600000,201634,102.0,102,102,102,0.05053369,6.1688786,0,1,261160620163419589,2023-08-20,Recife,0,0.8048674,1653461,24.2857142857143,84.2857142857143,1,0,1,75.9261357142857,66.1428571428571,25.573864,27.1428571428571,80,,,,,24721
1471132800000,201633,122.0,122,122,122,0.4966038,7.3784623,0,1,261160620163319589,2023-08-20,Recife,0,0.99891275,1653461,23.8571428571429,90.1428571428571,1,0,1,80.9820177142857,70.8571428571429,25.137425,26.4285714285714,92,,,,,24721
1470528000000,201632,139.0,139,139,139,0.9504862,8.406609,0,1,261160620163219589,2023-08-20,Recife,0,1.2313255,1653461,22.8571428571429,88.2857142857143,0,1,1,81.0312491428571,71.7142857142857,23.8380682857143,25.2857142857143,108,,,,,24721
1469923200000,201631,123.0,123,123,123,0.7265448,7.4389415,0,1,261160620163119589,2023-08-20,Recife,0,1.0813316,1653461,23.1428571428571,90.1428571428571,1,0,1,79.2134751428571,66.2857142857143,24.7260548571429,26.2857142857143,105,,,,,24721
1469318400000,201630,112.0,112,112,112,0.08150206,6.7736707,0,1,261160620163019589,2023-08-20,Recife,0,0.83694,1653461,23.4285714285714,89.7142857142857,1,0,1,79.7307911428571,68,24.3713477142857,26.1428571428571,99,,,,,24721
1468713600000,201629,95.0,95,95,95,1.08943e-05,5.745524,0,1,261160620162919589,2023-08-20,Recife,0,0.58412313,1653461,21.8571428571429,93.2857142857143,0,0,1,86.8798697142857,76.4285714285714,23.2670454285714,24.7142857142857,76,,,,,24721
1468108800000,201628,133.0,133,133,133,0.0006168244,8.043734,0,1,261160620162819589,2023-08-20,Recife,0,0.6966319,1653461,23,90.8571428571429,0,0,1,83.570888,75.2857142857143,24.0255142857143,25.2857142857143,119,,,,,24721
1467504000000,201627,168.0,168,168,168,0.0047104093,10.160505,0,1,261160620162719589,2023-08-20,Recife,0,0.76731956,1653461,23.5714285714286,87.8571428571429,1,0,1,81.3511357142857,73,24.7651785714286,25.5714285714286,94,,,,,24721
1466899200000,201626,186.0,186,186,186,0.0020422766,11.249131,0,1,261160620162619589,2023-08-20,Recife,0,0.7576483,1653461,25,74.4285714285714,1,0,1,69.337176,59.4285714285714,25.75487,26.7142857142857,102,,,,,24721
1466294400000,201625,226.0,226,226,226,0.055183884,13.6683,0,1,261160620162519589,2023-08-20,Recife,0,0.86525685,1653461,23,91.8571428571429,0,0,1,84.8072242857143,76.2857142857143,24.1525971428571,25.2857142857143,145,,,,,24721
1465689600000,201624,238.0,238,238,238,0.13007294,14.39405,0,1,261160620162419589,2023-08-20,Recife,0,0.90431494,1653461,22.5714285714286,90.7142857142857,0,0,1,82.6910162857143,71,24.095238,25.7142857142857,143,,,,,24721
1465084800000,201623,297.0,297,297,297,0.7034593,17.962322,0,2,261160620162319589,2023-08-20,Recife,0,1.0453043,1653461,24.2857142857143,92.8571428571429,1,0,1,84.7873374285714,75.4285714285714,25.6903405714286,27,166,,,,,24721
1464480000000,201622,236.0,236,236,236,0.0001354366,14.273091,0,2,261160620162219589,2023-08-20,Recife,0,0.73344153,1653461,23.8571428571429,97,1,0,1,92.9054284285714,79.4285714285714,24.1954714285714,25.1428571428571,140,,,,,24721
1463875200000,201621,263.0,263,263,263,0.0011195354,15.90603,0,4,261160620162119589,2023-08-20,Recife,0,0.77864033,1653461,23.7142857142857,91.8571428571429,1,0,1,86.6804651428571,79.4285714285714,24.65,25.8571428571429,145,,,,,24721
1463270400000,201620,353.0,353,353,353,0.67990834,21.349157,0,4,261160620162019589,2023-08-20,Recife,0,1.0361139,1653461,24.4285714285714,91.1428571428571,1,0,2,82.0401785714286,71.7142857142857,25.741802,27,196,,,,,24721
1462665600000,201619,356.0,356,356,356,0.21399431,21.530596,0,4,261160620161919589,2023-08-20,Recife,0,0.94316435,1653461,24.4285714285714,94.1428571428571,1,0,2,88.8315757142857,81.4285714285714,25.2788151428571,26.1428571428571,209,,,,,24721
1462060800000,201618,312.0,312,312,312,4.737e-07,18.86951,0,4,261160620161819589,2023-08-20,Recife,0,0.6986296,1653461,24,91.8571428571429,1,0,2,86.4434254285714,78.1428571428571,24.8798702857143,26.1428571428571,197,,,,,24721
1461456000000,201617,341.0,341,341,341,1.2e-09,20.623407,0,4,261160620161719589,2023-08-20,Recife,0,0.6621555,1653461,26,84,1,0,2,76.3214282857143,68,27.0750808571429,28,224,,,,,24721
1460851200000,201616,487.0,487,487,487,0.0018511489,29.453371,0,4,261160620161619589,2023-08-20,Recife,0,0.8370729,1653461,25.5714285714286,89,1,0,2,77.7660437142857,64.4285714285714,27.1420772857143,28.8571428571429,321,,,,,24721
1460246400000,201615,482.0,482,482,482,3.629e-07,29.150974,0,4,261160620161519589,2023-08-20,Recife,0,0.7436062,1653461,25,95,1,0,2,79.7178642857143,65.5714285714286,27.6041488571429,29.7142857142857,371,,,,,24721
1459641600000,201614,621.0,621,621,621,0.0013338871,37.557583,0,4,261160620161419589,2023-08-20,Recife,0,0.8491013,1653461,25.5714285714286,89,1,0,2,82.7987028571429,72.7142857142857,26.4776785714286,27.8571428571429,495,,,,,24721
1459036800000,201613,606.0,606,606,606,2e-10,36.650394,0,4,261160620161319589,2023-08-20,Recife,0,0.7184517,1653461,25.1428571428571,90.4285714285714,1,0,2,83.1436217142857,72.2857142857143,26.3567611428571,28,471,,,,,24721
1458432000000,201612,757.0,757,757,757,1e-10,45.782757,0,4,261160620161219589,2023-08-20,Recife,0,0.738355,1653461,25.7142857142857,90.4285714285714,1,0,2,83.0359842857143,73.1428571428571,26.8288694285714,27.8571428571429,560,,,,,24721
1457827200000,201611,786.0,786,786,786,0.0,47.53665,0,4,261160620161119589,2023-08-20,Recife,0,0.60965693,1653461,25.1428571428571,90,1,0,2,81.1672065714286,64.5714285714286,26.3142171428571,27.1428571428571,629,,,,,24721
1457222400000,201610,985.0,985,985,985,0.0,59.572014,0,4,261160620161019589,2023-08-20,Recife,0,0.61196685,1653461,26.1428571428571,86,1,0,2,77.6505668571428,68,27.2329545714286,28.1428571428571,767,,,,,24721
1456617600000,201609,1267.0,1267,1267,1267,0.0,76.627144,0,4,261160620160919589,2023-08-20,Recife,0,0.6737517,1653461,25.8571428571429,86.2857142857143,1,0,2,78.1070357142857,68.8571428571429,27.0232142857143,28,1060,,,,,24721
1456012800000,201608,1578.0,1578,1578,1578,1e-10,95.43618,0,4,261160620160819589,2023-08-20,Recife,0,0.8077784,1653461,26,86.8571428571429,1,0,2,77.9160711428571,61.7142857142857,27.0381494285714,28.2857142857143,1315,,,,,24721
1455408000000,201607,2072.0,2072,2072,2072,0.9998918,125.312904,0,4,261160620160719589,2023-08-20,Recife,0,1.1256518,1653461,26.2857142857143,83.8571428571429,1,1,2,78.9255151428571,70.1428571428571,26.979085,28.1428571428571,1670,,,,,24721
1454803200000,201606,2044.0,2044,2044,2044,1.0,123.619484,0,4,261160620160619589,2023-08-20,Recife,0,1.247904,1653461,24.8571428571429,86.1428571428571,1,1,2,73.131945,57.4285714285714,27.5173612857143,29.8571428571429,1536,,,,,24721
1454198400000,201605,1879.0,1879,1879,1879,1.0,113.64042,0,4,261160620160519589,2023-08-20,Recife,0,1.294514,1653461,25.5714285714286,85.1428571428571,1,1,2,72.61612,58.1428571428571,27.9401682857143,30.4285714285714,1414,,,,,24721
1453593600000,201604,1682.0,1682,1682,1682,1.0,101.72601,0,4,261160620160419589,2023-08-20,Recife,0,1.2771131,1653461,25.1428571428571,85.1428571428571,1,1,2,76.5341964285714,67.7142857142857,26.8080358571429,28.1428571428571,1162,,,,,24721
1452988800000,201603,1317.0,1317,1317,1317,0.9999976,79.65111,0,4,261160620160319589,2023-08-20,Recife,0,1.2053701,1653461,25.4285714285714,91.1428571428571,1,1,2,85.4963905714286,77.5714285714286,26.2900431428571,27.2857142857143,799,,,,,24721
1452384000000,201602,1438.0,1438,1438,1438,1.0,86.96909,0,4,261160620160219589,2023-08-20,Recife,0,1.7100083,1653461,25.7142857142857,89.7142857142857,1,1,2,84.597515,76.5714285714286,26.3474011428571,27.4285714285714,989,,,,,24721
1451779200000,201601,1245.0,1245,1245,1245,1.0,75.29661,0,4,261160620160119589,2023-08-20,Recife,0,1.5333704,1653461,26.1428571428571,89,1,1,2,82.700844,73.4285714285714,26.939068,28,898,,,,,24721
1514073600000,201752,39.0,39,39,39,0.48832384,2.3586888,0,2,261160620175219589,2023-08-20,Recife,0,0.9934389,1653461,25.7142857142857,81.5888757142857,1,0,0,75.6575844285714,70.6502142857143,26.859524,28,17,,,,,3687
1513468800000,201751,38.0,38,38,38,0.44148585,2.2982097,0,2,261160620175119589,2023-08-20,Recife,0,0.96723837,1653461,25.5714285714286,83.7082634285714,1,0,0,78.0358175714286,73.0550177142857,26.4785714285714,27.4285714285714,17,,,,,3687
1512864000000,201750,39.0,39,39,39,0.5153201,2.3586888,0,2,261160620175019589,2023-08-20,Recife,0,1.0087084,1653461,25.2857142857143,81.7031408571429,1,0,0,77.6816815714286,74.1792538571429,26.2428571428571,27,23,,,,,3687
1512259200000,201749,43.0,43,43,43,0.7083655,2.6006057,0,2,261160620174919589,2023-08-20,Recife,0,1.1290029,1653461,25.4285714285714,83.6118288571429,1,0,0,76.8184814285714,71.8055714285714,26.5760204285714,27.7142857142857,24,,,,,3687
1511654400000,201748,33.0,33,33,33,0.27870765,1.9958136,0,2,261160620174819589,2023-08-20,Recife,0,0.870498,1653461,25.4285714285714,78.6514751428571,1,0,0,71.3448407142857,62.0924414285714,27.190476,29.4285714285714,14,,,,,3687
1511049600000,201747,47.0,47,47,47,0.637794,2.8425224,0,2,261160620174719589,2023-08-20,Recife,0,1.0765294,1653461,24.8571428571429,83.56867,1,0,0,72.6840621428571,61.6527985714286,27.0476188571429,29.2857142857143,22,,,,,3687
1510444800000,201746,26.0,26,26,26,0.0026838717,1.5724592,0,2,261160620174619589,2023-08-20,Recife,0,0.5208951,1653461,25,81.046242,1,0,0,71.859265,65.771194,26.666667,28.5,9,,,,,3687
1509840000000,201745,46.0,46,46,46,0.29995295,2.7820432,0,2,261160620174519589,2023-08-20,Recife,0,0.8993755,1653461,24.82,,1,0,0,,,,,16,,,,,3687
1509235200000,201744,56.0,56,56,56,0.6963532,3.3868353,0,2,261160620174419589,2023-08-20,Recife,0,1.1042596,1653461,24.64,,1,0,1,,,,,24,,,,,3687
1508630400000,201743,50.0,50,50,50,0.40098506,3.02396,0,2,261160620174319589,2023-08-20,Recife,0,0.9518541,1653461,24.46,,1,0,0,,,,,24,,,,,3687
1508025600000,201742,50.0,50,50,50,0.1271602,3.02396,0,2,261160620174219589,2023-08-20,Recife,0,0.80635285,1653461,24.28,,1,0,0,,,,,21,,,,,3687
1507420800000,201741,53.0,53,53,53,0.05410333,3.2053976,0,2,261160620174119589,2023-08-20,Recife,0,0.7488011,1653461,24.1,,1,0,0,,,,,25,,,,,3687
1506816000000,201740,43.0,43,43,43,0.026611853,2.6006057,0,2,261160620174019589,2023-08-20,Recife,0,0.6853595,1653461,23.92,,1,0,0,,,,,18,,,,,3687
1506211200000,201739,111.0,111,111,111,0.99998873,6.7131915,0,2,261160620173919589,2023-08-20,Recife,0,1.956046,1653461,23.74,,1,1,1,,,,,22,,,,,3687
1505606400000,201738,41.0,41,41,41,0.044503704,2.4796472,0,2,261160620173819589,2023-08-20,Recife,0,0.70945823,1653461,23.56,,1,0,0,,,,,20,,,,,3687
1505001600000,201737,56.0,56,56,56,0.397186,3.3868353,0,1,261160620173719589,2023-08-20,Recife,0,0.95267075,1653461,23.38,,1,0,1,,,,,31,,,,,3687
1504396800000,201736,63.0,63,63,63,0.551688,3.8101897,0,1,261160620173619589,2023-08-20,Recife,0,1.0234779,1653461,23.2,83.8,1,0,1,77.3356948,69.4,24.2586116,25,29,,,,,3687
1503792000000,201735,55.0,55,55,55,0.09236778,3.326356,0,1,261160620173519589,2023-08-20,Recife,0,0.78856826,1653461,22.7142857142857,84.5714285714286,0,0,1,76.3968257142857,67,24.0011695714286,25.1428571428571,19,,,,,3687
1503187200000,201734,61.0,61,61,61,0.05945857,3.6892312,0,1,261160620173419589,2023-08-20,Recife,0,0.7683136,1653461,23,89.4285714285714,0,0,1,81.2682998571428,73,23.8832831428571,24.8571428571429,24,,,,,3687
1502582400000,201733,63.0,63,63,63,0.11039254,3.8101897,0,3,261160620173319589,2023-08-20,Recife,0,0.8133718,1653461,22.1428571428571,97.4285714285714,0,0,1,92.4431477142857,78.7142857142857,22.5064932857143,23.1428571428571,27,,,,,3687
1501977600000,201732,90.0,90,90,90,0.97872347,5.443128,0,3,261160620173219589,2023-08-20,Recife,0,1.3870857,1653461,23.2857142857143,92,1,1,1,87.3250727142857,80.1428571428571,23.8383478571429,24.7142857142857,38,,,,,3687
1501372800000,201731,90.0,90,90,90,0.9979942,5.443128,0,1,261160620173119589,2023-08-20,Recife,0,1.6200763,1653461,22.7142857142857,96,0,1,1,89.4053388571429,83,23.3503607142857,24.1428571428571,43,,,,,3687
1500768000000,201730,54.0,54,54,54,0.589066,3.2658768,0,1,261160620173019589,2023-08-20,Recife,0,1.0445974,1653461,22.4285714285714,98.2857142857143,0,0,1,91.0139972857143,85.1428571428571,23.3760461428571,24,34,,,,,3687
1500163200000,201729,57.0,57,57,57,0.6287225,3.4473145,0,1,261160620172919589,2023-08-20,Recife,0,1.0642371,1653461,23.1428571428571,93.5714285714286,1,0,1,90.2296191428571,84.2857142857143,23.4813857142857,24,26,,,,,3687
1499558400000,201728,50.0,50,50,50,0.14234276,3.02396,0,1,261160620172819589,2023-08-20,Recife,0,0.8165748,1653461,23.7142857142857,90.2857142857143,1,0,0,82.3019488571429,73.7142857142857,24.4214285714286,25.2857142857143,24,,,,,3687
1498953600000,201727,46.0,46,46,46,0.007366833,2.7820432,0,1,261160620172719589,2023-08-20,Recife,0,0.63603175,1653461,22.5714285714286,97.5714285714286,0,0,0,93.6698422857143,89.5714285714286,23.1952385714286,23.5714285714286,25,,,,,3687
1498348800000,201726,67.0,67,67,67,0.053902116,4.0521064,0,1,261160620172619589,2023-08-20,Recife,0,0.7713054,1653461,23.8571428571429,96.1428571428571,1,0,1,92.4204895714286,86.4285714285714,24.2429291428571,25,35,,,,,3687
1497744000000,201725,63.0,63,63,63,0.009177172,3.8101897,0,1,261160620172519589,2023-08-20,Recife,0,0.6831873,1653461,23.8571428571429,97.7142857142857,1,0,1,87.1483394285714,77.4285714285714,24.8957431428571,25.8571428571429,40,,,,,3687
1497139200000,201724,91.0,91,91,91,0.71013886,5.5036073,0,1,261160620172419589,2023-08-20,Recife,0,1.0872309,1653461,23,97.7142857142857,0,0,1,89.2225244285714,78.1428571428571,24.5837251428571,26,54,,,,,3687
1496534400000,201723,114.0,114,114,114,0.9905476,6.894629,0,2,261160620172319589,2023-08-20,Recife,0,1.4015357,1653461,24.8571428571429,92.7142857142857,1,1,1,85.1487742857143,72.7142857142857,25.781818,26.7142857142857,58,,,,,3687
1495929600000,201722,70.0,70,70,70,0.0541487,4.233544,0,2,261160620172219589,2023-08-20,Recife,0,0.77563477,1653461,24.1428571428571,99.5714285714286,1,0,1,96.1880942857143,90.4285714285714,24.4051585714286,24.8571428571429,31,,,,,3687
1495324800000,201721,73.0,73,73,73,0.039269358,4.414982,0,2,261160620172119589,2023-08-20,Recife,0,0.7623036,1653461,24.4285714285714,96,1,0,1,90.6946605714286,85.1428571428571,25.210678,25.8571428571429,30,,,,,3687
1494720000000,201720,95.0,95,95,95,0.59729403,5.745524,0,2,261160620172019589,2023-08-20,Recife,0,1.036642,1653461,25.1428571428571,95,1,0,1,87.1805592857143,77.1428571428571,26.484802,27.8571428571429,57,,,,,3687
1494115200000,201719,106.0,106,106,106,0.8808284,6.410795,0,2,261160620171919589,2023-08-20,Recife,0,1.1836208,1653461,24.4285714285714,99.1428571428571,1,0,1,91.7168115714286,85.7142857142857,25.2855792857143,26.2857142857143,51,,,,,3687
1493510400000,201718,91.0,91,91,91,0.5171149,5.5036073,0,2,261160620171819589,2023-08-20,Recife,0,1.0063777,1653461,25.2857142857143,92.2857142857143,1,0,1,84.9972044285714,75.1428571428571,26.1570617142857,27.5714285714286,34,,,,,3687
1492905600000,201717,74.0,74,74,74,0.14829545,4.475461,0,2,261160620171719589,2023-08-20,Recife,0,0.84851754,1653461,26,89.7142857142857,1,0,1,82.2630505714286,75.1428571428571,26.9483317142857,27.7142857142857,40,,,,,3687
1492300800000,201716,118.0,118,118,118,0.9395596,7.1365457,0,2,261160620171619589,2023-08-20,Recife,0,1.2368114,1653461,25,93.7142857142857,1,0,1,88.0447094285714,78.7142857142857,26.0496947142857,27.4285714285714,51,,,,,3687
1491696000000,201715,61.0,61,61,61,6.96798e-05,3.6892312,0,2,261160620171519589,2023-08-20,Recife,0,0.5525729,1653461,25.5714285714286,95.8571428571429,1,0,1,88.3979577142857,72.5714285714286,26.5154792857143,27.7142857142857,17,,,,,3687
1491091200000,201714,97.0,97,97,97,0.10596401,5.8664823,0,2,261160620171419589,2023-08-20,Recife,0,0.84249556,1653461,26.5714285714286,87,1,0,1,80.1307872857143,70.5714285714286,27.4377928571429,28.2857142857143,44,,,,,3687
1490486400000,201713,116.0,116,116,116,0.70320606,7.0155873,0,2,261160620171319589,2023-08-20,Recife,0,1.0737923,1653461,27.2857142857143,89,1,0,1,81.0016242857143,74.5714285714286,28.0209414285714,28.8571428571429,34,,,,,3687
1489881600000,201712,131.0,131,131,131,0.98593116,7.9227753,0,2,261160620171219589,2023-08-20,Recife,0,1.338044,1653461,26,88.2857142857143,1,1,1,80.1607958571429,70.8571428571429,27.3589558571429,28.4285714285714,65,,,,,3687
1489276800000,201711,95.0,95,95,95,0.73160094,5.745524,0,2,261160620171119589,2023-08-20,Recife,0,1.0957979,1653461,25.1428571428571,94,1,0,1,86.0393948571429,75.8571428571429,26.3545454285714,27.7142857142857,44,,,,,3687
1488672000000,201710,116.0,116,116,116,0.9762888,7.0155873,0,2,261160620171019589,2023-08-20,Recife,0,1.3211627,1653461,26.4285714285714,84.5714285714286,1,1,1,79.4028855714286,71.4285714285714,27.1645022857143,27.8571428571429,58,,,,,3687
1488067200000,201709,69.0,69,69,69,0.013294533,4.1730647,0,2,261160620170919589,2023-08-20,Recife,0,0.7079228,1653461,26.4285714285714,88.4285714285714,1,0,1,81.3270885714286,72.7142857142857,27.3697938571429,28.4285714285714,28,,,,,3687
1487462400000,201708,81.0,81,81,81,0.112217635,4.898815,0,3,261160620170819589,2023-08-20,Recife,0,0.8336239,1653461,26.1428571428571,86,1,0,1,77.5147551428571,68.5714285714286,27.4523082857143,28.4285714285714,33,,,,,3687
1486857600000,201707,109.0,109,109,109,0.9681545,6.5922327,0,3,261160620170719589,2023-08-20,Recife,0,1.3073515,1653461,26.2857142857143,82.5714285714286,1,1,1,75.817035,68.2857142857143,27.2631095714286,28,44,,,,,3687
1486252800000,201706,107.0,107,107,107,0.99819475,6.4712744,0,2,261160620170619589,2023-08-20,Recife,0,1.5580921,1653461,26.2857142857143,84,1,1,1,77.7470092857143,70.7142857142857,27.2827332857143,28.2857142857143,50,,,,,3687
1485648000000,201705,83.0,83,83,83,0.9158682,5.0197735,0,2,261160620170519589,2023-08-20,Recife,0,1.2531427,1653461,26.5714285714286,83.1428571428571,1,0,1,77.4866071428571,69,27.2808958571429,28,40,,,,,3687
1485043200000,201704,63.0,63,63,63,0.027379842,3.8101897,0,2,261160620170419589,2023-08-20,Recife,0,0.7295016,1653461,26.4285714285714,85.4285714285714,1,0,1,77.450397,68,27.5586735714286,28.7142857142857,42,,,,,3687
1484438400000,201703,53.0,53,53,53,0.0,3.2053976,0,2,261160620170319589,2023-08-20,Recife,0,0.35656273,1653461,26.2857142857143,82.1428571428571,1,0,0,74.8456928571429,65.5714285714286,27.1529762857143,28.2857142857143,39,,,,,3687
1483833600000,201702,84.0,84,84,84,0.0,5.0802526,0,2,261160620170219589,2023-08-20,Recife,0,0.4207506,1653461,26.2857142857143,83,1,0,1,77.4700457142857,69.8571428571429,27.0086405714286,27.5714285714286,48,,,,,3687
1483228800000,201701,60.0,60,60,60,4e-10,3.628752,0,2,261160620170119589,2023-08-20,Recife,0,0.4089211,1653461,26,82.4285714285714,1,0,1,76.8670628571429,68.7142857142857,26.9533728571429,28.1428571428571,36,,,,,3687
1545523200000,201852,37.0,37,37,37,0.022806782,2.2377305,0,2,261160620185219589,2023-08-20,Recife,0,0.6591223,1653461,25.2,80.6307428,1,0,0,73.403039,67.5005358,26.535,28,17,,,,,4145
1544918400000,201851,36.0,36,36,36,0.002836161,2.1772513,0,2,261160620185119589,2023-08-20,Recife,0,0.569041,1653461,25.3714285714286,,1,0,0,,,,,15,,,,,4145
1544313600000,201850,62.0,62,62,62,0.49762776,3.7497106,0,2,261160620185019589,2023-08-20,Recife,0,0.9989364,1653461,25.5428571428571,,1,0,1,,,,,32,,,,,4145
1543708800000,201849,71.0,71,71,71,0.8587938,4.294023,0,2,261160620184919589,2023-08-20,Recife,0,1.2074453,1653461,25.7142857142857,85.7889234285714,1,0,1,79.7486807142857,76.2680511428571,26.6916665714286,27.4285714285714,40,,,,,4145
1543104000000,201848,60.0,60,60,60,0.5435585,3.628752,0,2,261160620184819589,2023-08-20,Recife,0,1.0202054,1653461,25.7142857142857,84.3813331428571,1,0,1,80.051507,74.9758991428571,26.2940477142857,27,31,,,,,4145
1542499200000,201847,60.0,60,60,60,0.45775595,3.628752,0,2,261160620184719589,2023-08-20,Recife,0,0.9809733,1653461,25.5714285714286,82.8995225714286,1,0,1,77.2064828571429,70.4981974285714,26.35,27.2857142857143,27,,,,,4145
1541894400000,201846,51.0,51,51,51,0.1481708,3.0844393,0,2,261160620184619589,2023-08-20,Recife,0,0.8218654,1653461,26,79.3636188571429,1,0,0,75.2095147142857,69.8272057142857,26.5,27.4285714285714,21,,,,,4145
1541289600000,201845,73.0,73,73,73,0.80373627,4.414982,0,2,261160620184519589,2023-08-20,Recife,0,1.1576031,1653461,25.4285714285714,82.9502177142857,1,0,1,76.9057922857143,71.7043148571429,26.0630951428571,27,47,,,,,4145
1540684800000,201844,50.0,50,50,50,0.18130945,3.02396,0,2,261160620184419589,2023-08-20,Recife,0,0.8405692,1653461,25.1428571428571,83.6214942857143,1,0,0,77.7253094285714,72.3830081428572,26.2234848571429,27.5714285714286,25,,,,,4145
1540080000000,201843,76.0,76,76,76,0.9478918,4.5964193,0,2,261160620184319589,2023-08-20,Recife,0,1.3256798,1653461,25.2857142857143,82.8287385714286,1,0,1,76.8309692857143,70.4414194285714,26.0308445714286,27.2857142857143,41,,,,,4145
1539475200000,201842,57.0,57,57,57,0.3926713,3.4473145,0,2,261160620184219589,2023-08-20,Recife,0,0.9510367,1653461,24.5,80.989322,1,0,1,73.755595,67.5633695,26.164773,27.5,36,,,,,4145
1538870400000,201841,48.0,48,48,48,0.10141799,2.9030015,0,2,261160620184119589,2023-08-20,Recife,0,0.7837579,1653461,24.5,,1,0,0,,,,,23,,,,,4145
1538265600000,201840,70.0,70,70,70,0.6705755,4.233544,0,2,261160620184019589,2023-08-20,Recife,0,1.0787692,1653461,24.5,82.1566815,1,0,1,75.202175,67.733797,25.2272725,26.75,51,,,,,4145
1537660800000,201839,57.0,57,57,57,0.1584376,3.4473145,0,1,261160620183919589,2023-08-20,Recife,0,0.83636004,1653461,24.4285714285714,84.2953642857143,1,0,1,79.7669821428571,74.5896277142857,25.1255414285714,26,31,,,,,4145
1537056000000,201838,58.0,58,58,58,0.2755157,3.5077937,0,1,261160620183819589,2023-08-20,Recife,0,0.89815336,1653461,24.4285714285714,84.9666151428571,1,0,1,78.7979872857143,72.1845405714286,25.2445885714286,26.1428571428571,31,,,,,4145
1536451200000,201837,87.0,87,87,87,0.9428008,5.2616906,0,1,261160620183719589,2023-08-20,Recife,0,1.2896768,1653461,22.7142857142857,87.3626351428571,0,0,1,78.5584821428571,72.5674021428571,24.0573591428571,25.1428571428571,44,,,,,4145
1535846400000,201836,53.0,53,53,53,0.020100616,3.2053976,0,1,261160620183619589,2023-08-20,Recife,0,0.6957226,1653461,23.4285714285714,83.6233257142857,1,0,0,77.9278714285714,71.8704964285714,24.3452382857143,25.4285714285714,36,,,,,4145
1535241600000,201835,57.0,57,57,57,0.039934248,3.4473145,0,1,261160620183519589,2023-08-20,Recife,0,0.7384687,1653461,21.8571428571429,88.6822564285714,0,0,1,79.2243788571429,70.7012085714286,23.621212,25.1428571428571,28,,,,,4145
1534636800000,201834,95.0,95,95,95,0.8937884,5.745524,0,1,261160620183419589,2023-08-20,Recife,0,1.2083211,1653461,23.1428571428571,85.0057601428571,1,0,1,77.0797708571429,70.704935,24.3647185714286,25.2857142857143,49,,,,,4145
1534032000000,201833,72.0,72,72,72,0.1168357,4.3545027,0,1,261160620183319589,2023-08-20,Recife,0,0.82791764,1653461,24.1428571428571,84.2889245714286,1,0,1,78.2166498571429,71.4841407142857,25.2773811428571,26.4285714285714,40,,,,,4145
1533427200000,201832,70.0,70,70,70,0.03156239,4.233544,0,1,261160620183219589,2023-08-20,Recife,0,0.7472914,1653461,22.4285714285714,90.1370357142857,0,0,1,77.162392,66.8151508571429,25.2916665714286,27.8571428571429,33,,,,,4145
1532822400000,201831,93.0,93,93,93,0.48724926,5.6245656,0,1,261160620183119589,2023-08-20,Recife,0,0.995339,1653461,22.2857142857143,89.497,0,0,1,77.7056291428571,67.3455677142857,24.7380954285714,27.1428571428571,44,,,,,4145
1532217600000,201830,96.0,96,96,96,0.627843,5.806003,0,1,261160620183019589,2023-08-20,Recife,0,1.0486798,1653461,22.4285714285714,87.0395065714286,0,0,1,76.492418,65.6439977142857,24.6309522857143,27.1428571428571,56,,,,,4145
1531612800000,201829,101.0,101,101,101,0.72682434,6.1083994,0,1,261160620182919589,2023-08-20,Recife,0,1.0904139,1653461,21.7142857142857,88.74367,0,0,1,75.8962748571429,63.5860587142857,24.2527057142857,27,58,,,,,4145
1531008000000,201828,77.0,77,77,77,0.14022428,4.6568985,0,1,261160620182819589,2023-08-20,Recife,0,0.84667146,1653461,22.4285714285714,88.5925737142857,0,0,1,81.8760831428571,73.9764164285714,23.6645025714286,25,43,,,,,4145
1530403200000,201827,109.0,109,109,109,0.84148526,6.5922327,0,1,261160620182719589,2023-08-20,Recife,0,1.1503645,1653461,22.2857142857143,92.6197214285714,0,0,1,86.5729108571429,80.6739608571429,23.4285711428571,24.7142857142857,57,,,,,4145
1529798400000,201826,82.0,82,82,82,0.039883956,4.9592943,0,1,261160620182619589,2023-08-20,Recife,0,0.77407944,1653461,21.8571428571429,91.7205128571429,0,0,1,84.2969434285714,73.9050157142857,23.2467531428571,25,34,,,,,4145
1529193600000,201825,87.0,87,87,87,0.036776066,5.2616906,0,1,261160620182519589,2023-08-20,Recife,0,0.7756348,1653461,22.8571428571429,88.1766014285714,0,0,1,81.9817958571429,74.9941451428571,23.7272725714286,24.7142857142857,44,,,,,4145
1528588800000,201824,113.0,113,113,113,0.5793967,6.83415,0,2,261160620182419589,2023-08-20,Recife,0,1.027145,1653461,24.7142857142857,86.7197968571429,1,0,1,75.858248,69.0842854285714,25.3896105714286,26.4285714285714,63,,,,,4145
1527984000000,201823,120.0,120,120,120,0.6745128,7.257504,0,2,261160620182319589,2023-08-20,Recife,0,1.0609558,1653461,23.4285714285714,92.6106457142857,1,0,1,85.9874142857143,78.0326122857143,24.6623374285714,26,81,,,,,4145
1527379200000,201822,109.0,109,109,109,0.065332994,6.5922327,0,2,261160620182219589,2023-08-20,Recife,0,0.8231004,1653461,23.1428571428571,90.3526128571429,1,0,1,82.9116997142857,74.8367637142857,24.4675328571429,26.1428571428571,68,,,,,4145
1526774400000,201821,98.0,98,98,98,0.0003569306,5.926962,0,1,261160620182119589,2023-08-20,Recife,0,0.64849526,1653461,24,89.6106048571429,1,0,1,82.613035,73.7680438571429,25.3939391428571,27.1428571428571,53,,,,,4145
1526169600000,201820,127.0,127,127,127,0.0792392,7.6808586,0,1,261160620182019589,2023-08-20,Recife,0,0.8441914,1653461,24,91.8499737142857,1,0,1,80.1739587142857,69.3292974285714,26.4821431428571,28.5714285714286,71,,,,,4145
1525564800000,201819,181.0,181,181,181,0.9787991,10.946735,0,1,261160620181919589,2023-08-20,Recife,0,1.2528484,1653461,22.8571428571429,95.0154671428571,0,1,1,82.8489987142857,70.0786268571429,25.684524,28.7142857142857,107,,,,,4145
1524960000000,201818,143.0,143,143,143,0.53241116,8.648526,0,2,261160620181819589,2023-08-20,Recife,0,1.0096741,1653461,23.8571428571429,94.1607457142857,1,0,1,82.9163368571429,71.555944,26.0833331428571,28.2857142857143,80,,,,,4145
1524355200000,201817,141.0,141,141,141,0.64871526,8.527567,0,3,261160620181719589,2023-08-20,Recife,0,1.0470052,1653461,23.4285714285714,95.05649,1,0,1,85.2390037142857,72.1022108571429,25.7132502857143,28.2857142857143,84,,,,,4145
1523750400000,201816,148.0,148,148,148,0.9676726,8.950922,0,3,261160620181619589,2023-08-20,Recife,0,1.2547859,1653461,23.1428571428571,98.3342357142857,1,1,1,91.2521665714286,83.862176,24.2121211428571,25.8571428571429,80,,,,,4145
1523145600000,201815,138.0,138,138,138,0.9976007,8.346129,0,3,261160620181519589,2023-08-20,Recife,0,1.450523,1653461,23.2857142857143,95.86361,1,1,1,90.0094961428571,79.5968652857143,24.285714,25.8571428571429,73,,,,,4145
1522540800000,201814,129.0,129,129,129,0.9996841,7.801817,0,2,261160620181419589,2023-08-20,Recife,0,1.6138777,1653461,24.8571428571429,92.0168502857143,1,1,1,86.1224564285714,79.6425782857143,26.0051945714286,27.1428571428571,81,,,,,4145
1521936000000,201813,86.0,86,86,86,0.79286844,5.2012115,0,2,261160620181319589,2023-08-20,Recife,0,1.1368101,1653461,23.5714285714286,94.2084114285714,1,0,1,89.9248305714286,83.60381,24.2337662857143,25.2857142857143,44,,,,,4145
1521331200000,201812,73.0,73,73,73,0.4415088,4.414982,0,2,261160620181219589,2023-08-20,Recife,0,0.9761482,1653461,25.2857142857143,84.5916545714286,1,0,1,76.6150722857143,71.7601024285714,26.7889614285714,27.8571428571429,40,,,,,4145
1520726400000,201811,77.0,77,77,77,0.68816787,4.6568985,0,2,261160620181119589,2023-08-20,Recife,0,1.0837826,1653461,24.7142857142857,88.1564458571429,1,0,1,79.2477614285714,71.831614,26.5108222857143,27.7142857142857,47,,,,,4145
1520121600000,201810,75.0,75,75,75,0.8306752,4.53594,0,2,261160620181019589,2023-08-20,Recife,0,1.1761292,1653461,24.7142857142857,91.9104285714286,1,0,1,83.5782628571429,76.834179,26.2207791428571,27.5714285714286,46,,,,,4145
1519516800000,201809,78.0,78,78,78,0.9691633,4.7173777,0,2,261160620180919589,2023-08-20,Recife,0,1.3818215,1653461,24.2857142857143,89.4900442857143,1,1,1,77.742245,67.2297777142857,26.7667751428571,29,43,,,,,4145
1518912000000,201808,58.0,58,58,58,0.77073,3.5077937,0,2,261160620180819589,2023-08-20,Recife,0,1.1526631,1653461,24.8571428571429,88.9507345714286,1,0,1,81.2729164285714,73.8233802857143,26.4350648571429,27.5714285714286,35,,,,,4145
1518307200000,201807,63.0,63,63,63,0.9390869,3.8101897,0,2,261160620180719589,2023-08-20,Recife,0,1.344036,1653461,24.8571428571429,86.6083482857143,1,0,1,81.7924557142857,76.1656645714286,25.8428571428571,26.8571428571429,35,,,,,4145
1517702400000,201806,41.0,41,41,41,0.46131632,2.4796472,0,2,261160620180619589,2023-08-20,Recife,0,0.9789946,1653461,26.5714285714286,81.6717404285714,1,0,0,77.2419765714286,73.0785235714286,27.2011905714286,28,25,,,,,4145
1517097600000,201805,55.0,55,55,55,0.9750102,3.326356,0,2,261160620180519589,2023-08-20,Recife,0,1.5105327,1653461,26.2857142857143,79.4717625714286,1,1,1,76.4081607142857,72.9470502857143,26.8571428571429,27.2857142857143,26,,,,,4145
1516492800000,201804,39.0,39,39,39,0.69709426,2.3586888,0,2,261160620180419589,2023-08-20,Recife,0,1.1271974,1653461,25.2857142857143,85.932586,1,0,0,79.373995,71.781216,26.2654762857143,27.2857142857143,16,,,,,4145
1515888000000,201803,38.0,38,38,38,0.52013427,2.2982097,0,2,261160620180319589,2023-08-20,Recife,0,1.0116198,1653461,25.5714285714286,83.878478,1,0,0,77.9043258571429,73.02031,26.5187888571429,27.5714285714286,17,,,,,4145
1515283200000,201802,26.0,26,26,26,0.05046604,1.5724592,0,2,261160620180219589,2023-08-20,Recife,0,0.66487974,1653461,25,85.1535165714286,1,0,0,78.4127007142857,74.251504,26.1857142857143,27,15,,,,,4145
1514678400000,201801,44.0,44,44,44,0.713978,2.661085,0,2,261160620180119589,2023-08-20,Recife,0,1.1315907,1653461,25.5714285714286,82.8852477142857,1,0,0,77.385185,74.13724,26.5428571428571,27,19,,,,,4145
1576972800000,201952,41.0,41,41,41,0.001747904,2.4796472,0,2,261160620195219589,2023-08-20,Recife,0,0.57191664,1653461,26.8571428571429,75.4984611428571,1,0,0,72.3954551428571,68.6914547142857,27.196104,27.7142857142857,27,,,,,10335
1576368000000,201951,62.0,62,62,62,0.060506627,3.7497106,0,2,261160620195119589,2023-08-20,Recife,0,0.7709138,1653461,26,82.5283625714286,1,0,1,75.7387478571429,71.1091374285714,26.8974025714286,27.7142857142857,46,,,,,10335
1575763200000,201950,74.0,74,74,74,0.091387175,4.475461,0,2,261160620195019589,2023-08-20,Recife,0,0.81267244,1653461,26.7142857142857,75.4873484285714,1,0,1,72.2499285714286,67.4971334285714,27.2238094285714,27.8571428571429,48,,,,,10335
1575158400000,201949,83.0,83,83,83,0.017873665,5.0197735,0,2,261160620194919589,2023-08-20,Recife,0,0.7396158,1653461,25.4285714285714,82.201148,1,0,1,75.7808114285714,71.1059425714286,26.7532468571429,27.4285714285714,64,,,,,10335
1574553600000,201948,81.0,81,81,81,4.5121e-05,4.898815,0,2,261160620194819589,2023-08-20,Recife,0,0.5845552,1653461,25.5714285714286,81.513448,1,0,1,75.9943901428571,70.4475485714286,26.6636362857143,27.4285714285714,60,,,,,10335
1573948800000,201947,107.0,107,107,107,0.0008143639,6.4712744,0,2,261160620194719589,2023-08-20,Recife,0,0.67698675,1653461,26.1428571428571,76.0559385714286,1,0,1,72.6488387142857,68.6061637142857,26.6064934285714,27.1428571428571,80,,,,,10335
1573344000000,201946,149.0,149,149,149,0.12809591,9.011401,0,2,261160620194619589,2023-08-20,Recife,0,0.88050306,1653461,26,78.0368697142857,1,0,1,74.2252814285714,71.5980785714286,26.7571428571429,27.1428571428571,105,,,,,10335
1572739200000,201945,159.0,159,159,159,0.08910931,9.616193,0,2,261160620194519589,2023-08-20,Recife,0,0.86465806,1653461,26,78.0167465714286,1,0,1,74.3838198571429,70.3733751428571,26.6285714285714,27.1428571428571,100,,,,,10335
1572134400000,201944,179.0,179,179,179,0.04795281,10.825777,0,2,261160620194419589,2023-08-20,Recife,0,0.84488314,1653461,25.2857142857143,75.9272022857143,1,0,1,72.9072421428571,67.3273967142857,25.9361468571429,27.1428571428571,107,,,,,10335
1571529600000,201943,156.0,156,156,156,1.81656e-05,9.434755,0,2,261160620194319589,2023-08-20,Recife,0,0.65673465,1653461,24.2857142857143,85.7515931428571,1,0,1,79.539598,73.4127428571429,25.232684,26.4285714285714,106,,,,,10335
1570924800000,201942,231.0,231,231,231,0.1629014,13.9706955,0,2,261160620194219589,2023-08-20,Recife,0,0.9145407,1653461,23.4285714285714,88.77546,1,0,1,81.7298034285714,74.6878491428571,24.6742425714286,25.8571428571429,152,,,,,10335
1570320000000,201941,234.0,234,234,234,0.1373168,14.152133,0,2,261160620194119589,2023-08-20,Recife,0,0.9062335,1653461,24.1428571428571,85.0562714285714,1,0,1,77.2813305714286,71.4548092857143,25.2932902857143,26,158,,,,,10335
1569715200000,201940,269.0,269,269,269,0.49369347,16.268906,0,2,261160620194019589,2023-08-20,Recife,0,0.9986393,1653461,25,80.65763,1,0,1,74.5606285714286,69.6092351428571,25.7911254285714,26.5714285714286,173,,,,,10335
1569110400000,201939,252.0,252,252,252,0.09382495,15.240759,0,2,261160620193919589,2023-08-20,Recife,0,0.892266,1653461,24.2857142857143,82.1650285714286,1,0,1,77.223625,71.3988927142857,24.9567102857143,26.1428571428571,158,,,,,10335
1568505600000,201938,255.0,255,255,255,0.12513898,15.422196,0,1,261160620193819589,2023-08-20,Recife,0,0.9055212,1653461,23.4285714285714,86.4212814285714,1,0,1,78.9029255714286,72.0618928571429,24.7283548571429,25.8571428571429,171,,,,,10335
1567900800000,201937,315.0,315,315,315,0.8480139,19.05095,0,1,261160620193719589,2023-08-20,Recife,0,1.0871733,1653461,24.5714285714286,80.0227442857143,1,0,2,76.9448825714286,72.0024221428571,25.1093074285714,26,218,,,,,10335
1567296000000,201936,273.0,273,273,273,0.09762672,16.510822,0,1,261160620193619589,2023-08-20,Recife,0,0.89777863,1653461,22.5714285714286,94.2165942857143,0,0,1,87.5052342857143,80.0755378571429,23.4718611428571,24.7142857142857,199,,,,,10335
1566691200000,201935,254.0,254,254,254,0.0678853,15.361717,0,1,261160620193519589,2023-08-20,Recife,0,0.87976635,1653461,22.5714285714286,88.6009294285714,0,0,1,80.0780542857143,73.2098721428571,23.9610388571429,25,202,,,,,10335
1566086400000,201934,371.0,371,371,371,0.9999839,22.437784,0,1,261160620193419589,2023-08-20,Recife,0,1.392947,1653461,22.5714285714286,89.3636551428571,0,1,2,82.8293707142857,75.9318142857143,23.636364,25,277,,,,,10335
1565481600000,201933,266.0,266,266,266,0.6292257,16.087467,0,1,261160620193319589,2023-08-20,Recife,0,1.0291994,1653461,22.4285714285714,91.9993751428571,0,0,1,85.6511237142857,79.4737835714286,23.4025974285714,24.5714285714286,210,,,,,10335
1564876800000,201932,266.0,266,266,266,0.37387055,16.087467,0,1,261160620193219589,2023-08-20,Recife,0,0.9727052,1653461,23.1428571428571,84.1753851428571,1,0,1,75.0460662857143,67.605364,24.7142857142857,25.5714285714286,188,,,,,10335
1564272000000,201931,252.0,252,252,252,0.01297444,15.240759,0,1,261160620193119589,2023-08-20,Recife,0,0.82771033,1653461,21.5714285714286,96.6516371428571,0,0,1,89.5734492857143,82.788426,22.8311688571429,24,192,,,,,10335
1563667200000,201930,247.0,247,247,247,0.0008697872,14.938363,0,4,261160620193019589,2023-08-20,Recife,0,0.76827097,1653461,21.7142857142857,95.7836857142857,0,0,1,91.1351165714286,83.6404564285714,22.6493508571429,24.1428571428571,185,,,,,10335
1563062400000,201929,332.0,332,332,332,0.7314041,20.079094,0,4,261160620192919589,2023-08-20,Recife,0,1.0496386,1653461,22.1428571428571,90.2212785714286,0,0,2,85.2407542857143,76.1799841428572,23.3766237142857,25.1428571428571,229,,,,,10335
1562457600000,201928,329.0,329,329,329,0.8989613,19.897657,0,4,261160620192819589,2023-08-20,Recife,0,1.1073395,1653461,23,91.08853,0,0,2,84.5604664285714,74.7388798571429,24.2857145714286,26,228,,,,,10335
1561852800000,201927,327.0,327,327,327,0.9678167,19.7767,0,1,261160620192719589,2023-08-20,Recife,0,1.1619272,1653461,23,94.1787142857143,0,1,2,86.7509865714286,76.1493298571429,24.2857142857143,25.8571428571429,232,,,,,10335
1561248000000,201926,301.0,301,301,301,0.7156757,18.204239,0,1,261160620192619589,2023-08-20,Recife,0,1.0481032,1653461,22.8571428571429,91.9575157142857,0,0,1,83.7098192857143,74.1642907142857,24.2337662857143,25.8571428571429,206,,,,,10335
1560643200000,201925,263.0,263,263,263,0.023715016,15.90603,0,1,261160620192519589,2023-08-20,Recife,0,0.84726703,1653461,23,91.40738,0,0,1,85.0640992857143,78.1384844285714,24.1168834285714,25.1428571428571,190,,,,,10335
1560038400000,201924,279.0,279,279,279,0.01252999,16.873697,0,4,261160620192419589,2023-08-20,Recife,0,0.8342933,1653461,23.8571428571429,93.4104957142857,1,0,1,79.4873425714286,69.9664578571429,25.8912337142857,27.4285714285714,218,,,,,10335
1559433600000,201923,314.0,314,314,314,0.11842937,18.990469,0,4,261160620192319589,2023-08-20,Recife,0,0.91192794,1653461,22.8571428571429,90.9483457142857,0,0,2,83.6673285714286,71.7279465714286,24.4935065714286,26.8571428571429,221,,,,,10335
1558828800000,201922,340.0,340,340,340,0.6267191,20.56293,0,4,261160620192219589,2023-08-20,Recife,0,1.0252392,1653461,23.8571428571429,93.3672785714286,1,0,2,85.0783658571429,75.4611968571429,25.2597402857143,27,259,,,,,10335
1558224000000,201921,363.0,363,363,363,0.9819705,21.953949,0,3,261160620192119589,2023-08-20,Recife,0,1.1757739,1653461,24.7142857142857,91.309273,1,1,2,84.0508798571429,77.1154108571429,26.0779217142857,27.4285714285714,272,,,,,10335
1557619200000,201920,344.0,344,344,344,0.99159044,20.804846,0,3,261160620192019589,2023-08-20,Recife,0,1.2105513,1653461,24.1428571428571,91.0762028571429,1,1,2,82.8237348571429,73.0038925714286,26.0259742857143,28,288,,,,,10335
1557014400000,201919,289.0,289,289,289,0.95491743,17.478489,0,3,261160620191919589,2023-08-20,Recife,0,1.157308,1653461,24.1428571428571,92.7179858571429,1,1,1,84.3118454285714,77.4797208571429,25.852814,27.4285714285714,221,,,,,10335
1556409600000,201918,319.0,319,319,319,0.99998635,19.292866,0,2,261160620191819589,2023-08-20,Recife,0,1.4382988,1653461,24.8571428571429,91.1814444285714,1,1,2,80.3639785714286,71.5842187142857,26.904762,28.5714285714286,228,,,,,10335
1555804800000,201917,230.0,230,230,230,0.9222694,13.910216,0,3,261160620191719589,2023-08-20,Recife,0,1.1467631,1653461,24.4285714285714,93.5225408571429,1,0,1,84.4908494285714,73.2363978571428,26.1710575714286,28.4285714285714,150,,,,,10335
1555200000000,201916,218.0,218,218,218,0.9845008,13.184465,0,3,261160620191619589,2023-08-20,Recife,0,1.2435248,1653461,24.1428571428571,93.4863605714286,1,1,1,82.8070265714286,72.5556861428571,26.4155842857143,28.4285714285714,151,,,,,10335
1554595200000,201915,216.0,216,216,216,0.9997102,13.063507,0,3,261160620191519589,2023-08-20,Recife,0,1.4362799,1653461,24.8571428571429,93.6691214285714,1,1,1,87.0174862857143,78.6907864285714,26.2770562857143,27.7142857142857,128,,,,,10335
1553990400000,201914,166.0,166,166,166,0.97772926,10.039547,0,3,261160620191419589,2023-08-20,Recife,0,1.2629298,1653461,24.5714285714286,95.9105564285714,1,1,1,89.2948135714286,82.403386,25.7142857142857,26.8571428571429,108,,,,,10335
1553385600000,201913,158.0,158,158,158,0.9887381,9.555714,0,2,261160620191319589,2023-08-20,Recife,0,1.3158687,1653461,24.5714285714286,96.6805771428571,1,1,1,87.593888,79.095958,25.9610385714286,27.5714285714286,88,,,,,10335
1552780800000,201912,115.0,115,115,115,0.6881166,6.955108,0,2,261160620191219589,2023-08-20,Recife,0,1.0678368,1653461,24.8571428571429,92.6568392857143,1,0,1,87.6587541428571,80.3540258571429,26.2077925714286,28,67,,,,,10335
1552176000000,201911,134.0,134,134,134,0.99165595,8.104213,0,2,261160620191119589,2023-08-20,Recife,0,1.3714451,1653461,25.8571428571429,86.5687902857143,1,1,1,80.1828117142857,74.424276,27.2207791428571,28.1428571428571,79,,,,,10335
1551571200000,201910,102.0,102,102,102,0.6542598,6.1688786,0,2,261160620191019589,2023-08-20,Recife,0,1.0578496,1653461,25.4285714285714,89.025943,1,0,1,82.3299657142857,74.9525921428571,26.74026,27.8571428571429,58,,,,,10335
1550966400000,201909,96.0,96,96,96,0.5226341,5.806003,0,2,261160620190919589,2023-08-20,Recife,0,1.008226,1653461,25.7142857142857,88.940686,1,0,1,82.478117,76.9175742857143,26.8831168571429,28,63,,,,,10335
1550361600000,201908,85.0,85,85,85,0.71749854,5.1407323,0,3,261160620190819589,2023-08-20,Recife,0,1.0942231,1653461,25.8571428571429,89.7863302857143,1,0,1,83.1495,76.993866,26.9610388571429,28.1428571428571,52,,,,,10335
1549756800000,201907,122.0,122,122,122,0.99999964,7.3784623,0,3,261160620190719589,2023-08-20,Recife,0,2.1589932,1653461,26.1428571428571,86.689206,1,1,1,82.6125634285714,79.1074057142857,26.6857142857143,27.2857142857143,50,,,,,10335
1549152000000,201906,75.0,75,75,75,0.9963446,4.53594,0,2,261160620190619589,2023-08-20,Recife,0,1.6385676,1653461,24.8571428571429,92.862418,1,1,1,83.8910014285714,73.8868781428571,26.5027774285714,28.2857142857143,41,,,,,10335
1548547200000,201905,45.0,45,45,45,0.56448805,2.721564,0,2,261160620190519589,2023-08-20,Recife,0,1.0349581,1653461,25,88.9900882857143,1,0,0,77.1995358571429,66.0608997142857,27.065476,29.2857142857143,28,,,,,10335
1547942400000,201904,48.0,48,48,48,0.5051338,2.9030015,0,2,261160620190419589,2023-08-20,Recife,0,1.0026206,1653461,25.4285714285714,86.7053082857143,1,0,0,74.8740151428571,64.4880311428571,27.5059522857143,29.7142857142857,29,,,,,10335
1547337600000,201903,37.0,37,37,37,0.06909576,2.2377305,0,2,261160620190319589,2023-08-20,Recife,0,0.7283975,1653461,24.7142857142857,91.139918,1,0,0,79.947725,72.8375208571428,26.7023805714286,28.7142857142857,16,,,,,10335
1546732800000,201902,45.0,45,45,45,0.46707392,2.721564,0,2,261160620190219589,2023-08-20,Recife,0,0.98288333,1653461,24.5714285714286,88.1157694285714,1,0,0,83.0786921428571,77.5608402857143,25.5428571428571,26.4285714285714,24,,,,,10335
1546128000000,201901,67.0,67,67,67,0.9763909,4.0521064,0,2,261160620190119589,2023-08-20,Recife,0,1.4551996,1653461,25.8571428571429,82.8451254285714,1,1,1,77.6700257142857,72.9170557142857,26.5857142857143,27.1428571428571,23,,,,,10335
1608422400000,202052,32.0,32,32,32,0.2237825,1.9353344,0,2,261160620205219589,2023-08-20,Recife,0,0.83492,1653461,23.7428571428571,,1,0,0,,,,,17,,,,,4510
1607817600000,202051,47.0,47,47,47,0.89471436,2.8425224,0,2,261160620205119589,2023-08-20,Recife,0,1.3168769,1653461,23.9857142857143,,1,0,0,,,,,24,,,,,4510
1607212800000,202050,41.0,41,41,41,0.51940054,2.4796472,0,2,261160620205019589,2023-08-20,Recife,0,1.0107763,1653461,24.2285714285714,,1,0,0,,,,,32,,,,,4510
1606608000000,202049,27.0,27,27,27,0.002025958,1.6329384,0,2,261160620204919589,2023-08-20,Recife,0,0.5170424,1653461,24.4714285714286,,1,0,0,,,,,15,,,,,4510
1606003200000,202048,39.0,39,39,39,0.0057388647,2.3586888,0,2,261160620204819589,2023-08-20,Recife,0,0.6048739,1653461,24.7142857142857,73.5025914285714,1,0,0,65.5422747142857,56.3616951428571,26.3847637142857,28.5714285714286,32,,,,,4510
1605398400000,202047,50.0,50,50,50,0.016142324,3.02396,0,2,261160620204719589,2023-08-20,Recife,0,0.67886937,1653461,26.2857142857143,80.2739434285714,1,0,0,73.3725342857143,65.4871388571429,27.6217468571429,29.5714285714286,32,,,,,4510
1604793600000,202046,71.0,71,71,71,0.15186751,4.294023,0,2,261160620204619589,2023-08-20,Recife,0,0.8477389,1653461,25.7142857142857,85.3503124285714,1,0,1,75.3266445714286,66.7759577142857,27.4019151428571,29.2857142857143,42,,,,,4510
1604188800000,202045,71.0,71,71,71,0.067118384,4.294023,0,2,261160620204519589,2023-08-20,Recife,0,0.78953123,1653461,26.2857142857143,81.6657051428571,1,0,1,73.1673628571429,64.1705114285714,27.9715794285714,30,50,,,,,4510
1603584000000,202044,79.0,79,79,79,0.28935248,4.777857,0,2,261160620204419589,2023-08-20,Recife,0,0.91736656,1653461,26.1428571428571,78.900424,1,0,1,72.146735,64.573577,27.7259317142857,29.5714285714286,48,,,,,4510
1602979200000,202043,111.0,111,111,111,0.94727325,6.7131915,0,2,261160620204319589,2023-08-20,Recife,0,1.2581923,1653461,25.2857142857143,83.0617388571429,1,0,1,73.8503165714286,64.8710518571429,27.059524,29.2857142857143,58,,,,,4510
1602374400000,202042,74.0,74,74,74,0.013592293,4.475461,0,2,261160620204219589,2023-08-20,Recife,0,0.7165503,1653461,24.7142857142857,83.7595151428571,1,0,1,73.3895228571429,62.4663505714286,26.8259318571429,29,38,,,,,4510
1601769600000,202041,80.0,80,80,80,0.002835615,4.838336,0,2,261160620204119589,2023-08-20,Recife,0,0.6734331,1653461,25.4285714285714,81.5449125714286,1,0,1,73.3656301428571,65.0703888571429,27.2000514285714,29.2857142857143,49,,,,,4510
1601164800000,202040,102.0,102,102,102,0.057545345,6.1688786,0,2,261160620204019589,2023-08-20,Recife,0,0.8113742,1653461,24.7142857142857,83.2669605714286,1,0,1,72.866539,61.2336581428571,26.6221534285714,29,49,,,,,4510
1600560000000,202039,133.0,133,133,133,0.59135336,8.043734,0,2,261160620203919589,2023-08-20,Recife,0,1.0288973,1653461,25.2857142857143,77.4214004285714,1,0,1,70.6728585714286,62.1569482857143,26.738354,28.7142857142857,95,,,,,4510
1599955200000,202038,119.0,119,119,119,0.24595498,7.197025,0,2,261160620203819589,2023-08-20,Recife,0,0.91664505,1653461,24,81.5019458571429,1,0,1,71.869538,63.6294821428571,26.1112837142857,28.4285714285714,68,,,,,4510
1599350400000,202037,136.0,136,136,136,0.6220406,8.225171,0,1,261160620203719589,2023-08-20,Recife,0,1.0387269,1653461,24.1428571428571,79.6083034285714,1,0,1,70.3100585714286,60.9203844285714,26.04089,28.1428571428571,85,,,,,4510
1598745600000,202036,131.0,131,131,131,0.35127842,7.9227753,0,1,261160620203619589,2023-08-20,Recife,0,0.9545019,1653461,23.2857142857143,87.4296292857143,1,0,1,74.5300695714286,62.0057171428571,25.591168,27.8571428571429,77,,,,,4510
1598140800000,202035,124.0,124,124,124,0.08368411,7.499421,0,1,261160620203519589,2023-08-20,Recife,0,0.8454523,1653461,22.2857142857143,86.317652,0,0,1,74.0739828571429,63.6828837142857,25.2458591428571,27.8571428571429,65,,,,,4510
1597536000000,202034,140.0,140,140,140,0.11679401,8.467088,0,1,261160620203419589,2023-08-20,Recife,0,0.871644,1653461,24.2857142857143,85.3213742857143,1,0,1,74.541355,64.2573554285714,25.9961177142857,28.4285714285714,69,,,,,4510
1596931200000,202033,145.0,145,145,145,0.018460874,8.7694845,0,1,261160620203319589,2023-08-20,Recife,0,0.7937283,1653461,22.7142857142857,87.07309,0,0,1,76.6161714285714,66.0261138571429,25.0502068571429,27.5714285714286,83,,,,,4510
1596326400000,202032,156.0,156,156,156,0.008230106,9.434755,0,1,261160620203219589,2023-08-20,Recife,0,0.7752738,1653461,22.7142857142857,85.6327108571429,0,0,1,72.9200872857143,62.9986384285714,25.1680077142857,27.2857142857143,89,,,,,4510
1595721600000,202031,175.0,175,175,175,0.07344774,10.58386,0,1,261160620203119589,2023-08-20,Recife,0,0.86137074,1653461,23.1428571428571,88.1300642857143,1,0,1,74.525965,61.9251805714286,25.6689657142857,28.2857142857143,97,,,,,4510
1595116800000,202030,232.0,232,232,232,0.9364853,14.031175,0,1,261160620203019589,2023-08-20,Recife,0,1.1581614,1653461,23,85.9046457142857,0,0,1,73.4994815714286,60.684225,25.4981414285714,28.2857142857143,121,,,,,4510
1594512000000,202029,189.0,189,189,189,0.5004821,11.430569,0,3,261160620202919589,2023-08-20,Recife,0,1.0001242,1653461,22.1428571428571,94.97915,0,0,1,77.9274794285714,62.7149675714286,25.3578014285714,28.4285714285714,105,,,,,4510
1593907200000,202028,208.0,208,208,208,0.99096775,12.579674,0,3,261160620202819589,2023-08-20,Recife,0,1.27926,1653461,23.2857142857143,91.8368908571429,1,1,1,82.2547678571429,67.7106788571429,25.2890424285714,28.4285714285714,119,,,,,4510
1593302400000,202027,206.0,206,206,206,0.99997437,12.458715,0,3,261160620202719589,2023-08-20,Recife,0,1.561214,1653461,22.8571428571429,90.9543985714286,0,1,1,80.5573864285714,66.4369338571429,25.311943,28.7142857142857,118,,,,,4510
1592697600000,202026,160.0,160,160,160,0.9997007,9.676672,0,3,261160620202619589,2023-08-20,Recife,0,1.5314234,1653461,24.1428571428571,85.1994122857143,1,1,1,71.121387,59.4636724285714,26.6040371428571,29,91,,,,,4510
1592092800000,202025,131.0,131,131,131,0.9998885,7.9227753,0,3,261160620202519589,2023-08-20,Recife,0,1.6788344,1653461,24,93.6109691428571,1,1,1,82.9012465714286,71.3293764285714,25.89184,28.5714285714286,79,,,,,4510
1591488000000,202024,104.0,104,104,104,0.99998033,6.289837,0,3,261160620202419589,2023-08-20,Recife,0,1.9592766,1653461,24.1428571428571,92.7086822857143,1,1,1,80.9049605714286,68.9619604285714,26.4793417142857,29.2857142857143,59,,,,,4510
1590883200000,202023,83.0,83,83,83,0.99998325,5.0197735,0,2,261160620202319589,2023-08-20,Recife,0,2.1805568,1653461,24.1428571428571,94.1727864285714,1,1,1,82.7741468571429,67.9171811428571,26.7738094285714,30,60,,,,,4510
1590278400000,202022,45.0,45,45,45,0.919303,2.721564,0,2,261160620202219589,2023-08-20,Recife,0,1.3742726,1653461,24.1428571428571,95.0148128571429,1,0,0,84.1533382857143,69.1297742857143,26.5833331428571,29.7142857142857,25,,,,,4510
1589673600000,202021,30.0,30,30,30,0.54214376,1.814376,0,2,261160620202119589,2023-08-20,Recife,0,1.0276973,1653461,24.5714285714286,93.4920485714286,1,0,0,83.7773802857143,70.908275,26.9226188571429,29.4285714285714,20,,,,,4510
1589068800000,202020,38.0,38,38,38,0.9307293,2.2982097,0,2,261160620202019589,2023-08-20,Recife,0,1.4482237,1653461,24.2857142857143,94.1789042857143,1,0,0,81.8473578571429,70.2940094285714,26.8700978571429,29.4285714285714,13,,,,,4510
1588464000000,202019,26.0,26,26,26,0.52932507,1.5724592,0,2,261160620201919589,2023-08-20,Recife,0,1.0205523,1653461,25.4285714285714,87.4197901428571,1,0,0,74.4694998571429,66.1614085714286,28.2083334285714,30.2857142857143,12,,,,,4510
1587859200000,202018,28.0,28,28,28,0.5935659,1.6934177,0,2,261160620201819589,2023-08-20,Recife,0,1.0658711,1653461,24.7142857142857,91.142973,1,0,0,80.6537485714286,68.5570882857143,27.3154762857143,30.4285714285714,14,,,,,4510
1587254400000,202017,20.0,20,20,20,0.24618095,1.209584,0,2,261160620201719589,2023-08-20,Recife,0,0.81516737,1653461,24.8571428571429,93.5562028571429,1,0,0,83.5591048571429,71.5387094285714,27.0178568571429,29.4285714285714,12,,,,,4510
1586649600000,202016,33.0,33,33,33,0.8941185,1.9958136,0,2,261160620201619589,2023-08-20,Recife,0,1.3930598,1653461,26,87.5762167142857,1,0,0,75.4022687142857,65.1846922857143,28.4523808571429,30.8571428571429,16,,,,,4510
1586044800000,202015,23.0,23,23,23,0.15067656,1.3910216,0,2,261160620201519589,2023-08-20,Recife,0,0.75441366,1653461,26.4285714285714,88.1329931428571,1,0,0,75.13154,65.3345242857143,29.220238,31.2857142857143,11,,,,,4510
1585440000000,202014,20.0,20,20,20,0.000389355,1.209584,0,2,261160620201419589,2023-08-20,Recife,0,0.42625716,1653461,25.1428571428571,93.4612857142857,1,0,0,82.682625,70.3705842857143,27.7450831428571,30.4285714285714,9,,,,,4510
1584835200000,202013,23.0,23,23,23,8.588e-07,1.3910216,0,2,261160620201319589,2023-08-20,Recife,0,0.34205157,1653461,25.2857142857143,90.316955,1,0,0,76.840427,62.7478808571429,28.565476,31.5714285714286,15,,,,,4510
1584230400000,202012,46.0,46,46,46,0.0007796066,2.7820432,0,2,261160620201219589,2023-08-20,Recife,0,0.56549424,1653461,24.8571428571429,91.905425,1,0,0,78.2416611428571,66.8603928571429,27.8393091428571,30.5714285714286,21,,,,,4510
1583625600000,202011,68.0,68,68,68,0.13811563,4.1125855,0,2,261160620201119589,2023-08-20,Recife,0,0.8368586,1653461,26.2857142857143,83.0857447142857,1,0,1,72.6829992857143,64.0831437142857,28.5914502857143,30.5714285714286,37,,,,,4510
1583020800000,202010,94.0,94,94,94,0.93652207,5.685045,0,2,261160620201019589,2023-08-20,Recife,0,1.2655876,1653461,26.8571428571429,84.6964528571429,1,0,1,77.2263885714286,70.1730057142857,28.103896,29.1428571428571,63,,,,,4510
1582416000000,202009,87.0,87,87,87,0.9115339,5.2616906,0,2,261160620200919589,2023-08-20,Recife,0,1.2404597,1653461,26.8571428571429,84.5466217142857,1,0,1,76.962045,72.0194442857143,28.3246751428571,29.1428571428571,39,,,,,4510
1581811200000,202008,65.0,65,65,65,0.45044878,3.931148,0,2,261160620200819589,2023-08-20,Recife,0,0.978576,1653461,26,87.4972432857143,1,0,1,80.1786737142857,74.495355,27.12987,28.4285714285714,37,,,,,4510
1581206400000,202007,76.0,76,76,76,0.8126385,4.5964193,0,2,261160620200719589,2023-08-20,Recife,0,1.1606995,1653461,27.1428571428571,81.20595,1,0,1,75.9332035714286,71.8790888571428,27.9428571428571,28.8571428571429,34,,,,,4510
1580601600000,202006,66.0,66,66,66,0.3528359,3.9916272,0,2,261160620200619589,2023-08-20,Recife,0,0.9375401,1653461,26.8571428571429,83.2595075714286,1,0,1,75.5165358571429,67.9099777142857,28.32971,29.8571428571429,33,,,,,4510
1579996800000,202005,57.0,57,57,57,0.07351838,3.4473145,0,2,261160620200519589,2023-08-20,Recife,0,0.7756233,1653461,27.2857142857143,81.1172932857143,1,0,1,71.9440042857143,64.1697691428571,28.970238,30.8571428571429,24,,,,,4510
1579392000000,202004,75.0,75,75,75,0.7752572,4.53594,0,3,261160620200419589,2023-08-20,Recife,0,1.1355412,1653461,27,83.1012547142857,1,0,1,73.3640978571429,63.6625281428571,28.7321428571429,31,41,,,,,4510
1578787200000,202003,77.0,77,77,77,0.98701984,4.6568985,0,3,261160620200319589,2023-08-20,Recife,0,1.4841013,1653461,27.1428571428571,76.8777031428571,1,1,1,68.2423621428571,59.7940201428571,28.7083331428571,31,47,,,,,4510
1578182400000,202002,80.0,80,80,80,0.99703264,4.838336,0,2,261160620200219589,2023-08-20,Recife,0,1.6324803,1653461,26.8571428571429,78.1847042857143,1,1,1,70.3054285714286,62.31463,28.2630954285714,30,52,,,,,4510
1577577600000,202001,37.0,37,37,37,0.010631216,2.2377305,0,2,261160620200119589,2023-08-20,Recife,0,0.62275416,1653461,26.3333333333333,78.859221,1,0,0,71.304912,63.147401,27.9916666666667,29.8333333333333,33,,,,,4510
1640476800000,202152,2.0,2,2,2,3.9e-09,0.1209584,0,2,261160620215219684,2023-11-23,Recife,40,0.062477406,1653461,26.4285714285714,81.9779095714286,1,0,0,73.4132407142857,64.1806915714286,28.1032605714286,29.8571428571429,2,,,,,13293
1639872000000,202151,9.0,9,9,9,1.632e-06,0.54431283,0,2,261160620215119684,2023-11-23,Recife,53,0.22486357,1653461,26.2857142857143,86.065741,1,0,0,74.092435,63.9256904285714,28.4081262857143,30.1428571428571,7,,,,,13293
1639267200000,202150,48.0,48,48,48,0.6162517,2.9030015,0,2,261160620215019684,2023-11-23,Recife,250,1.0629022,1653461,25,89.1551151428571,1,0,0,74.5876351428571,62.811187,27.7761385714286,29.8571428571429,38,,,,,13293
1638662400000,202149,31.0,31,31,31,0.03359779,1.8748553,0,2,261160620214919684,2023-11-23,Recife,11,0.65925306,1653461,26.2857142857143,83.3598474285714,1,0,0,71.1186682857143,60.232515,28.4296065714286,30.4285714285714,25,,,,,13293
1638057600000,202148,53.0,53,53,53,0.63720787,3.2053976,0,2,261160620214819684,2023-11-23,Recife,15,1.0715342,1653461,26.7142857142857,80.2944054285714,1,0,0,71.4113578571429,61.937779,28.7034162857143,30.7142857142857,36,,,,,13293
1637452800000,202147,47.0,47,47,47,0.18013316,2.8425224,0,2,261160620214719684,2023-11-23,Recife,29,0.83552045,1653461,27,78.780716,1,0,0,70.4514414285714,60.7920681428571,28.6221537142857,30.8571428571429,36,,,,,13293
1636848000000,202146,42.0,42,42,42,0.010471859,2.5401263,0,2,261160620214619684,2023-11-23,Recife,23,0.6385043,1653461,26,84.6685487142857,1,0,0,70.4202388571429,57.1603784285714,28.1535851428571,30.2857142857143,32,,,,,13293
1636243200000,202145,62.0,62,62,62,0.091875084,3.7497106,0,2,261160620214519684,2023-11-23,Recife,11,0.798506,1653461,26.4285714285714,81.6630291428571,1,0,0,71.7132515714286,59.9258251428571,28.23059,30.5714285714286,52,,,,,13293
1635638400000,202144,57.0,57,57,57,0.004662409,3.4473145,0,2,261160620214419684,2023-11-23,Recife,14,0.6469485,1653461,26,81.6527105714286,1,0,0,71.0914798571429,59.3010505714286,28.1283642857143,30.5714285714286,44,,,,,13293
1635033600000,202143,86.0,86,86,86,0.22755,5.2012115,0,2,261160620214319684,2023-11-23,Recife,31,0.8953429,1653461,24.2857142857143,85.8416482857143,1,0,0,70.449054,59.4030874285714,27.3322982857143,29.7142857142857,65,,,,,13293
1634428800000,202142,83.0,83,83,83,0.10735873,5.0197735,0,2,261160620214219684,2023-11-23,Recife,19,0.8323222,1653461,26.1666666666667,81.946808,1,0,0,71.9935318333333,61.1148065,27.8541663333333,30,55,,,,,13293
1633824000000,202141,105.0,105,105,105,0.4861966,6.350316,0,2,261160620214119684,2023-11-23,Recife,33,0.9952502,1653461,25.6,84.8882204,1,0,1,71.888466,63.6824236,27.6286232,29.8,68,,,,,13293
1633219200000,202140,97.0,97,97,97,0.036474418,5.8664823,0,2,261160620214019684,2023-11-23,Recife,15,0.7851264,1653461,25.2,,1,0,1,,,,,67,,,,,13293
1632614400000,202139,101.0,101,101,101,0.0001695752,6.1083994,0,2,261160620213919684,2023-11-23,Recife,24,0.6377111,1653461,24.8,,1,0,1,,,,,71,,,,,13293
1632009600000,202138,111.0,111,111,111,4.697e-07,6.7131915,0,1,261160620213819684,2023-11-23,Recife,31,0.56551903,1653461,24.4,,1,0,1,,,,,83,,,,,13293
1631404800000,202137,152.0,152,152,152,4.28223e-05,9.192839,0,1,261160620213719684,2023-11-23,Recife,35,0.6659297,1653461,24,78.49765,1,0,1,70.28256,61.613747,25.782608,28,100,,,,,13293
1630800000000,202136,220.0,220,220,220,0.038986906,13.305424,0,1,261160620213619684,2023-11-23,Recife,29,0.85106033,1653461,22.5714285714286,83.4532528571429,0,0,1,70.7998578571429,58.292349,24.9950828571429,27.4285714285714,134,,,,,13293
1630195200000,202135,201.0,201,201,201,0.0001458321,12.15632,0,1,261160620213519684,2023-11-23,Recife,35,0.7173,1653461,23.1428571428571,80.0116278571429,1,0,1,71.205398,63.3128535714286,24.6759837142857,26.7142857142857,150,,,,,13293
1629590400000,202134,295.0,295,295,295,0.27174392,17.841364,0,1,261160620213419684,2023-11-23,Recife,49,0.95182234,1653461,22.8571428571429,83.3334811428571,0,0,1,71.4611348571429,62.116575,24.9001037142857,27.1428571428571,166,,,,,13293
1628985600000,202133,256.0,256,256,256,7.69479e-05,15.482676,0,1,261160620213319684,2023-11-23,Recife,69,0.7338825,1653461,20.7142857142857,88.4682328571429,0,0,1,76.3057178571429,62.5568564285714,23.1348342857143,26,172,,,,,13293
1628380800000,202132,310.0,310,310,310,0.0015239734,18.748552,0,1,261160620213219684,2023-11-23,Recife,73,0.7986443,1653461,21.4285714285714,95.7857771428571,0,0,1,84.8702,70.1316201428571,23.7880428571429,27,202,,,,,13293
1627776000000,202131,353.0,353,353,353,0.001981999,21.349157,0,1,261160620213119684,2023-11-23,Recife,54,0.8139402,1653461,21.6666666666667,95.2701616666667,0,0,1,84.7031556666667,72.1286816666667,23.8775253333333,26.8333333333333,252,,,,,13293
1627171200000,202130,390.0,390,390,390,0.0002488689,23.58689,0,1,261160620213019684,2023-11-23,Recife,69,0.7905633,1653461,21.1428571428571,90.8404271428571,0,0,1,77.6521862857143,59.4576785714286,23.9373705714286,26.8571428571429,231,,,,,13293
1626566400000,202129,417.0,417,417,417,4.2411e-06,25.219828,0,4,261160620212919684,2023-11-23,Recife,118,0.7505889,1653461,21.5714285714286,88.650113,0,0,1,75.5088442857143,63.186823,23.8486022857143,26.4285714285714,288,,,,,13293
1625961600000,202128,499.0,499,499,499,0.0004253597,30.179121,0,4,261160620212819684,2023-11-23,Recife,88,0.818102,1653461,21.5714285714286,90.0671514285714,0,0,2,79.219718,68.4589375714286,23.8602488571429,26,387,,,,,13293
1625356800000,202127,562.0,562,562,562,0.0030230696,33.98931,0,4,261160620212719684,2023-11-23,Recife,127,0.85436565,1653461,21.2857142857143,90.0139828571428,0,0,2,76.7723678571429,63.7768242857143,24.0947202857143,27,470,,,,,13293
1624752000000,202126,616.0,616,616,616,0.0013052033,37.255188,0,4,261160620212619684,2023-11-23,Recife,149,0.848267,1653461,21,92.4424371428571,0,0,2,81.3248662857143,67.3001505714286,23.165208,26.4285714285714,530,,,,,13293
1624147200000,202125,666.0,666,666,666,3.8228e-06,40.27915,0,4,261160620212519684,2023-11-23,Recife,94,0.7934419,1653461,20.7142857142857,91.6624885714286,0,0,2,78.1447728571429,61.6717605714286,23.680124,26.8571428571429,584,,,,,13293
1623542400000,202124,671.0,671,671,671,0.0,40.581543,0,4,261160620212419684,2023-11-23,Recife,134,0.71260685,1653461,21.5,92.2143733333333,0,0,2,84.84261,74.9908831666667,23.096619,25.3333333333333,564,,,,,13293
1622937600000,202123,847.0,847,847,847,0.005422747,51.225883,0,4,261160620212319684,2023-11-23,Recife,401,0.88682514,1653461,22,94.06252,0,0,2,80.6582075,69.579135,24.049679,26,650,,,,,13293
1622332800000,202122,1010.0,1010,1010,1010,0.9998261,61.083992,0,4,261160620212219684,2023-11-23,Recife,191,1.1804175,1653461,22,94.08417,0,1,2,84.952505,74.0447275,23.53125,26.5,770,,,,,13293
1621728000000,202121,1011.0,1011,1011,1011,1.0,61.14447,0,4,261160620212119684,2023-11-23,Recife,268,1.4996489,1653461,22.1666666666667,,0,1,2,,,,,677,,,,,13293
1621123200000,202120,923.0,923,923,923,1.0,55.822304,0,3,261160620212019684,2023-11-23,Recife,154,1.8750844,1653461,22.3333333333333,,0,1,2,,,,,632,,,,,13293
1620518400000,202119,672.0,672,672,672,1.0,40.64202,0,3,261160620211919684,2023-11-23,Recife,117,1.8369524,1653461,22.5,,0,1,2,,,,,488,,,,,13293
1619913600000,202118,445.0,445,445,445,1.0,26.913244,0,3,261160620211819684,2023-11-23,Recife,60,1.6003522,1653461,22.6666666666667,,0,1,1,,,,,341,,,,,13293
1619308800000,202117,355.0,355,355,355,1.0,21.470116,0,3,261160620211719684,2023-11-23,Recife,67,1.712355,1653461,22.8333333333333,,0,1,1,,,,,266,,,,,13293
1618704000000,202116,288.0,288,288,288,1.0,17.41801,0,3,261160620211619684,2023-11-23,Recife,45,1.8154799,1653461,23,94.1200933333333,0,1,1,81.24065,68.6411433333333,25.41799,28,212,,,,,13293
1618099200000,202115,182.0,182,182,182,0.99961495,11.007215,0,3,261160620211519684,2023-11-23,Recife,55,1.4739395,1653461,23.5,,1,1,1,,,,,124,,,,,13293
1617494400000,202114,160.0,160,160,160,0.9999737,9.676672,0,3,261160620211419684,2023-11-23,Recife,45,1.6705704,1653461,24,83.39571,1,1,1,70.0000325,60.092214,26.6130955,29,117,,,,,13293
1616889600000,202113,125.0,125,125,125,0.99838966,7.5599003,0,1,261160620211319684,2023-11-23,Recife,35,1.5101794,1653461,22,94.06252,0,1,1,80.335266,65.771194,25.047619,28,95,,,,,13293
1616284800000,202112,86.0,86,86,86,0.6789981,5.2012115,0,1,261160620211219684,2023-11-23,Recife,42,1.0746586,1653461,23,88.59935,0,0,0,77.99321,65.771194,25.541666,28,62,,,,,13293
1615680000000,202111,71.0,71,71,71,0.4615778,4.294023,0,2,261160620211119684,2023-11-23,Recife,28,0.984051,1653461,23.25,82.0419865,1,0,0,70.1769035,62.176715,25.82430525,27.25,47,,,,,13293
1615075200000,202110,94.0,94,94,94,0.99514264,5.685045,0,2,261160620211019684,2023-11-23,Recife,185,1.5182219,1653461,25.5,78.794935,1,0,0,71.8618325,65.8026675,26.558081,27.5,73,,,,,13293
1614470400000,202109,72.0,72,72,72,0.89196444,4.3545027,0,2,261160620210919684,2023-11-23,Recife,33,1.2423009,1653461,23.6666666666667,84.68638,1,0,0,76.9762483333333,67.2214528333333,25.2050213333333,27.1666666666667,49,,,,,13293
1613865600000,202108,56.0,56,56,56,0.38800874,3.3868353,0,2,261160620210819684,2023-11-23,Recife,39,0.9485035,1653461,24.5714285714286,81.7780778571429,1,0,0,73.4604091428571,63.6553845714286,25.9070477142857,28.1428571428571,44,,,,,13293
1613260800000,202107,56.0,56,56,56,0.38581318,3.3868353,0,2,261160620210719684,2023-11-23,Recife,36,0.9475065,1653461,24.8571428571429,81.5451442857143,1,0,0,69.2731524285714,59.3264807142857,26.779762,28.7142857142857,48,,,,,13293
1612656000000,202106,60.0,60,60,60,0.703429,3.628752,0,2,261160620210619684,2023-11-23,Recife,21,1.1047766,1653461,25.2857142857143,78.0018185714286,1,0,0,69.283096,61.0756617142857,26.8581782857143,28.5714285714286,44,,,,,13293
1612051200000,202105,63.0,63,63,63,0.95274454,3.8101897,0,2,261160620210519684,2023-11-23,Recife,53,1.3793497,1653461,25.8571428571429,73.3623792857143,1,0,0,67.1380314285714,59.3737352857143,26.8409091428571,28.4285714285714,51,,,,,13293
1611446400000,202104,57.0,57,57,57,0.9794414,3.4473145,0,2,261160620210419684,2023-11-23,Recife,16,1.5270913,1653461,24.2857142857143,80.8352742857143,1,0,0,70.3648765714286,60.908493,26.2248101428571,28.4285714285714,36,,,,,13293
1610841600000,202103,46.0,46,46,46,0.9757628,2.7820432,0,2,261160620210319684,2023-11-23,Recife,24,1.5822213,1653461,24.5714285714286,79.2549728571429,1,0,0,68.5804434285714,58.3854845714286,26.2397185714286,28.8571428571429,34,,,,,13293
1610236800000,202102,33.0,33,33,33,0.95743567,1.9958136,0,2,261160620210219684,2023-11-23,Recife,24,1.6052732,1653461,24.5714285714286,76.63182,1,0,0,66.442822,55.8835621428571,26.6417184285714,29,22,,,,,13293
1609632000000,202101,39.0,39,39,39,0.9920718,2.3586888,0,2,261160620210119684,2023-11-23,Recife,23,1.8882837,1653461,25,75.3652821428571,1,0,0,66.7845164285714,58.1733211428571,26.7026397142857,28.8571428571429,28,,,,,13293
1671926400000,202252,33.0,33,33,33,0.9994138,1.9958136,0,2,261160620225219733,2024-01-11,Recife,0,2.7737265,1653461,26,77.49065,1,0,0,70.9022553333333,67.1765966666667,27.0126266666667,27.6666666666667,13,,,,,3635
1671321600000,202251,7.0,7,7,7,0.08038283,0.42335442,0,2,261160620225119718,2023-12-27,Recife,0,0.5341118,1653461,24.5,78.597223,1,0,0,66.4560735,56.5893175,27.094552,29.5,14,,,,,3635
1670716800000,202250,8.0,8,8,8,0.13691881,0.4838336,0,2,261160620225019718,2023-12-27,Recife,0,0.62132245,1653461,25.5,79.4981806666667,1,0,0,70.22274,60.9731168333333,27.7270298333333,29.6666666666667,14,,,,,3635
1670112000000,202249,19.0,19,19,19,0.7692283,1.1491048,0,2,261160620224919708,2023-12-17,Recife,0,1.285604,1653461,25.4285714285714,82.9599337142857,1,0,0,72.1709708571429,63.8236468571429,27.2803028571429,29.2857142857143,12,,,,,3635
1669507200000,202248,25.0,25,25,25,0.57940173,1.51198,0,2,261160620224819684,2023-11-23,Recife,0,1.0586482,1653461,25.2857142857143,81.0222294285714,1,0,0,72.5720375714286,64.750912,26.8800725714286,28.7142857142857,13,,,,,3635
1668902400000,202247,10.0,10,10,10,7.91475e-05,0.604792,0,2,261160620224719684,2023-11-23,Recife,0,0.29279548,1653461,24.8571428571429,80.2030891428571,1,0,0,72.1526962857143,64.825027,26.7451814285714,28.2857142857143,8,,,,,3635
1668297600000,202246,26.0,26,26,26,0.006436314,1.5724592,0,2,261160620224619684,2023-11-23,Recife,0,0.5535035,1653461,24.8571428571429,84.4394677142857,1,0,0,73.8024064285714,66.4988294285714,26.8809528571429,28.7142857142857,10,,,,,3635
1667692800000,202245,25.0,25,25,25,0.0004753459,1.51198,0,2,261160620224519684,2023-11-23,Recife,0,0.46432024,1653461,24.1428571428571,88.0233157142857,1,0,0,76.8394465714286,66.775609,26.3732931428571,28.7142857142857,16,,,,,3635
1667088000000,202244,59.0,59,59,59,0.5956517,3.5682728,0,2,261160620224419684,2023-11-23,Recife,0,1.0459404,1653461,25.1428571428571,80.7579097142857,1,0,0,69.5907564285714,59.4672278571429,27.2420635714286,29.4285714285714,26,,,,,3635
1666483200000,202243,52.0,52,52,52,0.31587797,3.1449184,0,2,261160620224319684,2023-11-23,Recife,0,0.91254956,1653461,26,74.7328677142857,1,0,0,69.8300174285714,63.6586497142857,27.0357145714286,28.4285714285714,42,,,,,3635
1665878400000,202242,58.0,58,58,58,0.55829436,3.5077937,0,2,261160620224219684,2023-11-23,Recife,0,1.027695,1653461,25.1428571428571,76.0600907142857,1,0,0,68.9972602857143,60.9925278571429,26.725599,29,43,,,,,3635
1665273600000,202241,59.0,59,59,59,0.551057,3.5682728,0,2,261160620224119684,2023-11-23,Recife,0,1.0239661,1653461,24.7142857142857,82.2923785714286,1,0,0,72.1615535714286,62.4939097142857,26.4761902857143,28.5714285714286,47,,,,,3635
1664668800000,202240,55.0,55,55,55,0.2226568,3.326356,0,2,261160620224019684,2023-11-23,Recife,0,0.8693207,1653461,24.4285714285714,83.0130605714286,1,0,0,72.240313,62.3286965714286,26.4101731428571,28.4285714285714,35,,,,,3635
1664064000000,202239,56.0,56,56,56,0.071724355,3.3868353,0,2,261160620223919684,2023-11-23,Recife,0,0.7723213,1653461,24.2857142857143,75.8722735714286,1,0,0,68.2730994285714,60.2439442857143,26.2770145714286,28.1428571428571,41,,,,,3635
1663459200000,202238,59.0,59,59,59,0.019312093,3.5682728,0,1,261160620223819684,2023-11-23,Recife,0,0.706086,1653461,24.7142857142857,78.5906318571429,1,0,0,71.0353221428571,64.0369602857143,26.1298702857143,27.7142857142857,44,,,,,3635
1662854400000,202237,77.0,77,77,77,0.06742068,4.6568985,0,1,261160620223719684,2023-11-23,Recife,0,0.7968136,1653461,23.5714285714286,80.6621872857143,1,0,0,72.0467227142857,65.5883595714286,25.2738097142857,26.5714285714286,46,,,,,3635
1662249600000,202236,76.0,76,76,76,0.008195914,4.5964193,0,1,261160620223619684,2023-11-23,Recife,3,0.70087624,1653461,22,86.99251,0,0,0,75.448714,63.030527,24.5476191428571,27.2857142857143,63,,,,,3635
1661644800000,202235,104.0,104,104,104,0.10459667,6.289837,0,1,261160620223519684,2023-11-23,Recife,0,0.8464288,1653461,22.1428571428571,86.2999385714286,0,0,1,77.5875134285714,65.8290207142857,24.0905842857143,26.5714285714286,75,,,,,3635
1661040000000,202234,106.0,106,106,106,0.017946834,6.410795,0,1,261160620223419684,2023-11-23,Recife,13,0.76414764,1653461,21.8571428571429,90.1097557142857,0,0,1,78.3433471428571,68.3551411428571,23.8969784285714,26.2857142857143,66,,,,,3635
1660435200000,202233,116.0,116,116,116,0.05742929,7.0155873,0,1,261160620223319684,2023-11-23,Recife,16,0.821375,1653461,23,79.2984501428571,0,0,1,67.9094765714286,58.9063147142857,25.1746337142857,27.4285714285714,71,,,,,3635
1659830400000,202232,150.0,150,150,150,0.9038335,9.07188,0,1,261160620223219684,2023-11-23,Recife,13,1.1691809,1653461,22.5714285714286,88.0177571428571,0,0,1,74.149656,61.327961,25.369048,27.8571428571429,76,,,,,3635
1659225600000,202231,157.0,157,157,157,0.99288356,9.4952345,0,1,261160620223119684,2023-11-23,Recife,10,1.3466005,1653461,23,88.9052357142857,0,1,1,81.8012384285714,72.3383038571429,24.5392857142857,26.2857142857143,87,,,,,3635
1658620800000,202230,122.0,122,122,122,0.70531356,7.3784623,0,1,261160620223019684,2023-11-23,Recife,15,1.0727298,1653461,22.4285714285714,88.5812614285714,0,0,1,78.6481085714286,66.3641712857143,24.5902362857143,27,68,,,,,3635
1658016000000,202229,111.0,111,111,111,0.3953217,6.7131915,0,1,261160620222919684,2023-11-23,Recife,9,0.96535707,1653461,22.2857142857143,91.6812771428571,0,0,1,80.6473641428571,67.9349878571429,24.3710312857143,26.5714285714286,71,,,,,3635
1657411200000,202228,114.0,114,114,114,0.5193316,6.894629,0,1,261160620222819684,2023-11-23,Recife,21,1.00644,1653461,23,93.5539471428571,0,0,1,83.5333894285714,70.6709648571428,24.7661064285714,27.1428571428571,58,,,,,3635
1656806400000,202227,114.0,114,114,114,0.56131583,6.894629,0,1,261160620222719684,2023-11-23,Recife,58,1.0207171,1653461,23.8571428571429,94.1607457142857,1,0,1,81.7897364285714,70.5366282857143,25.6666665714286,27.7142857142857,63,,,,,3635
1656201600000,202226,126.0,126,126,126,0.60673624,7.6203794,0,1,261160620222619684,2023-11-23,Recife,20,1.034954,1653461,22.7142857142857,96.6380142857143,0,0,1,87.0183957142857,71.7343597142857,24.6887252857143,27.4285714285714,83,,,,,3635
1655596800000,202225,90.0,90,90,90,0.0048177387,5.443128,0,1,261160620222519684,2023-11-23,Recife,16,0.70282793,1653461,23,93.7973971428572,0,0,0,81.94087,67.7668914285714,25.3988094285714,28,66,,,,,3635
1654992000000,202224,126.0,126,126,126,0.6931133,7.6203794,0,1,261160620222419684,2023-11-23,Recife,22,1.0666353,1653461,23,94.6212,0,0,1,82.399495,65.7401917142857,25.4821425714286,28.4285714285714,81,,,,,3635
1654387200000,202223,151.0,151,151,151,0.9964544,9.1323595,0,2,261160620222319684,2023-11-23,Recife,25,1.4000728,1653461,23.1428571428571,100,1,1,1,91.0741464285714,78.3546514285714,24.5460881428571,26.8571428571429,91,,,,,3635
1653782400000,202222,109.0,109,109,109,0.574694,6.5922327,0,2,261160620222219684,2023-11-23,Recife,103,1.0259571,1653461,23.4285714285714,100,1,0,1,91.7582875714286,77.6833602857143,25.1191212857143,28,70,,,,,3635
1653177600000,202221,104.0,104,104,104,0.43229303,6.289837,0,2,261160620222119684,2023-11-23,Recife,29,0.9768085,1653461,23.2857142857143,99.1701442857143,1,0,1,88.7982388571429,76.6813922857143,25.0629252857143,27.4285714285714,66,,,,,3635
1652572800000,202220,104.0,104,104,104,0.59106845,6.289837,0,2,261160620222019684,2023-11-23,Recife,20,1.0326498,1653461,24.7142857142857,91.868855,1,0,1,79.4043884285714,63.963705,27.6130954285714,30.8571428571429,75,,,,,3635
1651968000000,202219,115.0,115,115,115,0.95705366,6.955108,0,2,261160620221919684,2023-11-23,Recife,18,1.2712612,1653461,23.7142857142857,96.6684714285714,1,1,1,83.0606888571428,68.4858032857143,26.2152015714286,29.1428571428571,85,,,,,3635
1651363200000,202218,101.0,101,101,101,0.9424527,6.1083994,0,2,261160620221819684,2023-11-23,Recife,47,1.2643775,1653461,24.8571428571429,94.4137851428572,1,0,1,80.0782,69.6147042857143,27.4388522857143,29.7142857142857,71,,,,,3635
1650758400000,202217,93.0,93,93,93,0.93174815,5.6245656,0,2,261160620221719684,2023-11-23,Recife,18,1.2595234,1653461,24.1428571428571,93.3793192857143,1,0,0,77.8765071428571,65.4571765714286,27.1363637142857,29.4285714285714,66,,,,,3635
1650153600000,202216,77.0,77,77,77,0.69580424,4.6568985,0,2,261160620221619684,2023-11-23,Recife,39,1.0877297,1653461,24.5714285714286,93.550643,1,0,0,78.7351707142857,65.1195075714286,27.4909417142857,30,51,,,,,3635
1649548800000,202215,69.0,69,69,69,0.6753306,4.1730647,0,2,261160620221519684,2023-11-23,Recife,35,1.0818802,1653461,24.4285714285714,92.5927457142857,1,0,0,75.61411,61.9372068571429,27.8619048571429,30.5714285714286,47,,,,,3635
1648944000000,202214,78.0,78,78,78,0.97676176,4.7173777,0,2,261160620221419684,2023-11-23,Recife,57,1.4142175,1653461,24.5714285714286,94.3752751428571,1,0,0,79.1889171428571,66.8326537142857,27.3666665714286,29.5714285714286,52,,,,,3635
1648339200000,202213,66.0,66,66,66,0.948563,3.9916272,0,2,261160620221319684,2023-11-23,Recife,36,1.3570764,1653461,25.8571428571429,89.9174022857143,1,0,0,77.3155634285714,66.8158138571429,28.2291804285714,30.2857142857143,39,,,,,3635
1647734400000,202212,48.0,48,48,48,0.72033197,2.9030015,0,2,261160620221219684,2023-11-23,Recife,19,1.1301017,1653461,24.7142857142857,95.9105564285714,1,0,0,83.6295418571429,70.3736808571429,27.0765307142857,30,28,,,,,3635
1647129600000,202211,57.0,57,57,57,0.96784437,3.4473145,0,2,261160620221119684,2023-11-23,Recife,9,1.4613124,1653461,25.4285714285714,94.3046921428571,1,0,0,79.4585712857143,68.6520865714286,27.7629252857143,29.5714285714286,38,,,,,3635
1646524800000,202210,34.0,34,34,34,0.43900558,2.0562928,0,2,261160620221019684,2023-11-23,Recife,16,0.96399826,1653461,24.5714285714286,94.28131,1,0,0,74.6856171428571,63.2996277142857,27.9940477142857,30,24,,,,,3635
1645920000000,202209,43.0,43,43,43,0.92359114,2.6006057,0,2,261160620220919684,2023-11-23,Recife,18,1.3954258,1653461,25.8571428571429,87.0499822857143,1,0,0,75.9278177142857,64.142584,28.0333334285714,30.2857142857143,28,,,,,3635
1645315200000,202208,37.0,37,37,37,0.85187334,2.2377305,0,2,261160620220819684,2023-11-23,Recife,29,1.2934651,1653461,25.8571428571429,86.7777974285714,1,0,0,70.7842135714286,60.7902532857143,28.6265525714286,30.7142857142857,27,,,,,3635
1644710400000,202207,27.0,27,27,27,0.3803385,1.6329384,0,2,261160620220719684,2023-11-23,Recife,12,0.92252207,1653461,25.4285714285714,87.1334414285714,1,0,0,75.9469648571429,62.284748,27.6706348571429,29.8571428571429,21,,,,,3635
1644105600000,202206,30.0,30,30,30,0.3981856,1.814376,0,2,261160620220619684,2023-11-23,Recife,24,0.93696284,1653461,25.5714285714286,83.101846,1,0,0,68.609638,57.8463322857143,28.4999997142857,30.4285714285714,19,,,,,3635
1643500800000,202205,25.0,25,25,25,0.1725621,1.51198,0,2,261160620220519684,2023-11-23,Recife,30,0.779526,1653461,26.1428571428571,83.730394,1,0,0,70.2005828571429,61.959991,28.6556121428571,30.7142857142857,17,,,,,3635
1642896000000,202204,35.0,35,35,35,0.81029,2.116772,0,2,261160620220419684,2023-11-23,Recife,40,1.2467653,1653461,25,90.6041657142857,1,0,0,75.5428365714286,64.5267695714286,27.5674601428571,29.5714285714286,18,,,,,3635
1642291200000,202203,37.0,37,37,37,0.9810172,2.2377305,0,2,261160620220319684,2023-11-23,Recife,27,1.7322916,1653461,25.2857142857143,87.5319222857143,1,0,0,74.7398947142857,63.6498294285714,27.6740197142857,29.7142857142857,24,,,,,3635
1641686400000,202202,24.0,24,24,24,0.93997806,1.4515008,0,2,261160620220219684,2023-11-23,Recife,143,1.6541897,1653461,24.4285714285714,99.1640914285714,1,0,0,81.7625678571429,67.9615165714286,26.9642857142857,29.1428571428571,14,,,,,3635
1641081600000,202201,31.0,31,31,31,0.95303094,1.8748553,0,2,261160620220119684,2023-11-23,Recife,71,1.6080759,1653461,25.4285714285714,86.9876857142857,1,0,0,73.3085635714286,61.7743992857143,27.9491032857143,30.1428571428571,15,,,,,3635
1703376000000,202352,42.0,42,42,42,0.83527225,2.8101428,0,2,261160620235220087,2024-12-30,Recife,,1.2508335,1494586,24.8882,88.1944,1,0,0,75.2591285714286,58.4604285714286,27.1267428571429,30.1603571428571,20,,,,,4740
1702771200000,202351,31.0,31,31,31,0.16143876,2.074153,0,2,261160620235120080,2024-12-23,Recife,,0.79030365,1494586,24.7817,87.3427,1,0,0,77.1367,63.2967285714286,26.8007142857143,29.5706857142857,20,,,,,4740
1702166400000,202350,32.0,32,32,32,0.027258037,2.141061,0,2,261160620235020074,2024-12-17,Recife,,0.6508448,1494586,24.8200571428571,80.5778142857143,1,0,0,69.8309857142857,56.4673714285714,26.9652428571429,29.6999714285714,28,,,,,4740
1701561600000,202349,32.0,32,32,32,0.0093665,2.141061,0,2,261160620234920067,2024-12-10,Recife,,0.59797144,1494586,24.7556285714286,86.1779428571429,1,0,0,74.3003,59.0443285714286,26.9602857142857,30.0437285714286,29,,,,,4740
1700956800000,202348,56.0,56,56,56,0.622243,3.746857,0,2,261160620234820060,2024-12-03,Recife,,1.0613035,1494586,24.3751285714286,82.4823857142857,1,0,0,70.4629285714286,54.0964,26.6528857142857,29.6001142857143,52,,,,,4740
1700352000000,202347,61.0,61,61,61,0.7125478,4.081398,0,2,261160620234720056,2024-11-29,Recife,,1.1094333,1494586,24.8534714285714,82.4928142857143,1,0,0,69.2592285714286,54.1422714285714,27.1328142857143,30.1454857142857,56,,,,,4740
1699747200000,202346,43.0,43,43,43,0.042877577,2.8770509,0,2,261160620234620046,2024-11-19,Recife,,0.71244067,1494586,23.5620285714286,86.2514428571429,1,0,0,74.1716428571429,55.4312714285714,26.4809,30.4874,36,,,,,4740
1699142400000,202345,60.0,60,60,60,0.1230349,4.0144897,0,1,261160620234520039,2024-11-12,Recife,,0.8180943,1494586,23.5938571428571,86.5284,1,0,0,74.8342428571429,57.9996428571429,26.2009571428571,29.6215714285714,47,,,,,4740
1698537600000,202344,56.0,56,56,56,0.0029305345,3.746857,0,1,261160620234420032,2024-11-05,Recife,,0.6297048,1494586,23.5049,86.5435571428571,1,0,0,74.5585,57.3571142857143,26.2979,29.9931571428571,45,,,,,4740
1697932800000,202343,61.0,61,61,61,0.008303003,4.081398,0,1,261160620234320026,2024-10-30,Recife,,0.67562205,1494586,22.9323,88.2261142857143,0,0,0,74.7251571428571,55.5098142857143,25.9315428571429,29.9868428571429,49,,,,,4740
1697328000000,202342,111.0,111,111,111,0.968583,7.426806,0,1,261160620234220019,2024-10-23,Recife,,1.3051804,1494586,22.4644285714286,87.3316857142857,0,1,1,75.7726142857143,58.3358857142857,25.1478,28.8651285714286,77,,,,,4740
1696723200000,202341,93.0,93,93,93,0.70107263,6.222459,0,1,261160620234120011,2024-10-15,Recife,,1.0818884,1494586,23.0117571428571,89.0514,1,0,1,78.5950142857143,63.4982714285714,25.4497857142857,28.5537,61,,,,,4740
1696118400000,202340,73.0,73,73,73,0.11700626,4.884296,0,1,261160620234020004,2024-10-08,Recife,,0.8290479,1494586,22.4765714285714,87.6280571428571,0,0,0,77.0756142857143,62.4228857142857,25.1710857142857,28.6679571428571,59,,,,,4740
1695513600000,202339,92.0,92,92,92,0.6412866,6.155551,0,1,261160620233919997,2024-10-01,Recife,,1.0554404,1494586,22.5591714285714,90.4098857142857,0,0,1,78.8089428571429,61.6060428571429,25.1864857142857,28.8472142857143,64,,,,,4740
1694908800000,202338,88.0,88,88,88,0.5502875,5.887918,0,1,261160620233819990,2024-09-24,Recife,,1.0192827,1494586,22.6449,91.4249285714286,0,0,1,83.7365857142857,72.0786285714286,24.4319857142857,26.9524142857143,72,,,,,4740
1694304000000,202337,91.0,91,91,91,0.4635923,6.0886426,0,1,261160620233719983,2024-09-17,Recife,,0.9866184,1494586,22.0465428571429,91.7251428571429,0,0,1,83.9922,73.9447,24.0086428571429,26.5362428571429,67,,,,,4740
1693699200000,202336,80.0,80,80,80,0.042780157,5.352653,0,1,261160620233619978,2024-09-12,Recife,,0.7753015,1494586,21.8036428571429,92.4308428571428,0,0,0,82.8844428571429,69.3062,24.0168571428571,26.8312428571429,57,,,,,4740
1693094400000,202335,88.0,88,88,88,0.047054674,5.887918,0,1,261160620233519969,2024-09-03,Recife,,0.7887211,1494586,22.7506142857143,93.0825142857143,0,0,1,82.6748285714286,65.8619428571429,25.1182285714286,28.5186714285714,62,,,,,4740
1692489600000,202334,108.0,108,108,108,0.2963376,7.2260814,0,1,261160620233419962,2024-08-27,Recife,,0.9311092,1494586,21.8987428571429,92.8932571428571,0,0,1,84.6578714285714,72.2147,24.2168,27.1664714285714,74,,,,,4740
1691884800000,202333,115.0,115,115,115,0.5698647,7.6944385,0,1,261160620233319955,2024-08-20,Recife,,1.0235807,1494586,21.1501571428571,92.7622714285714,0,0,1,84.8980142857143,75.4136142857143,23.1133,25.526,83,,,,,4740
1691280000000,202332,112.0,112,112,112,0.82323164,7.493714,0,1,261160620233219948,2024-08-13,Recife,,1.136264,1494586,21.8006142857143,92.1561571428571,0,0,1,83.1618571428571,69.8421142857143,23.9577857142857,26.8189857142857,75,,,,,4740
1690675200000,202331,136.0,136,136,136,0.99887913,9.09951,0,1,261160620233119941,2024-08-06,Recife,,1.5065637,1494586,21.5317714285714,92.0456714285714,0,1,1,81.7217857142857,66.8633428571429,24.0193285714286,27.1687428571429,84,,,,,4740
1690070400000,202330,80.0,80,80,80,0.2976472,5.352653,0,1,261160620233019934,2024-07-30,Recife,,0.9212023,1494586,21.456,91.5377571428571,0,0,0,82.4824142857143,68.0608285714286,23.8863142857143,27.2630285714286,37,,,,,4740
1689465600000,202329,93.0,93,93,93,0.846532,6.222459,0,1,261160620232919929,2024-07-25,Recife,,1.1681056,1494586,21.7137142857143,91.9443571428571,0,0,1,83.2687,72.8341857142857,23.8084428571429,26.3786857142857,55,,,,,4740
1688860800000,202328,89.0,89,89,89,0.9483555,5.9548264,0,1,261160620232819919,2024-07-15,Recife,,1.2968223,1494586,21.9134,93.4502142857143,0,0,1,84.4143285714286,71.3083142857143,24.3752142857143,27.4329428571429,60,,,,,4740
1688256000000,202327,86.0,86,86,86,0.9666094,5.7541018,0,2,261160620232719913,2024-07-09,Recife,0,1.350557,1494586,24,93.63986,1,0,0,91.4794692857143,88.3637045714286,24.2727271428571,24.5714285714286,49,,,,,4740
1687651200000,202326,64.0,64,64,64,0.4562682,4.282122,0,2,261160620232619905,2024-07-01,Recife,0,0.9809227,1494586,23.7142857142857,94.2464042857143,1,0,0,92.7613971428571,91.0451122857143,23.9870128571429,24.2857142857143,41,,,,,4740
1687046400000,202325,54.0,54,54,54,0.12793472,3.6130407,0,2,261160620232519898,2024-06-24,Recife,0,0.81308573,1494586,24.8148148148148,86.9184702962963,1,0,0,85.811525037037,84.0853135555556,25.0222222222222,25.2592592592593,37,,,,,4740
1686441600000,202324,77.0,77,77,77,0.73188865,5.1519284,0,1,261160620232419884,2024-06-10,Recife,,1.1073492,1494586,22.5646285714286,94.7670285714286,0,0,0,87.2063857142857,75.9576571428571,24.3298571428571,26.6181857142857,47,,,,,4740
1685836800000,202323,56.0,56,56,56,0.03945951,3.746857,0,1,261160620232319884,2024-06-10,Recife,,0.7359712,1494586,22.6922285714286,94.0040142857143,0,0,0,85.6744857142857,73.8648571428571,24.7936285714286,27.4321285714286,26,,,,,4740
1685232000000,202322,77.0,77,77,77,0.2061472,5.1519284,0,2,261160620232219876,2024-06-02,Recife,0,0.8801544,1494586,25.5925925925926,84.9680394074074,1,0,0,83.0800014074074,80.9683962222222,25.8111111111111,26,36,,,,,4740
1684627200000,202321,64.0,64,64,64,0.003747407,4.282122,0,2,261160620232119869,2024-05-26,Recife,0,0.6543981,1494586,24.5714285714286,90.2980737142857,1,0,0,82.8014828571429,75.2480185714286,26.0064934285714,27.5714285714286,42,,,,,4740
1684022400000,202320,96.0,96,96,96,0.21453714,6.4231834,0,2,261160620232019862,2024-05-19,Recife,0,0.895124,1494586,25.8571428571429,80.3434765714286,1,0,1,76.1097912857143,71.2625508571429,27.0238094285714,28.1428571428571,52,,,,,4740
1683417600000,202319,96.0,96,96,96,0.062879786,6.4231834,0,2,261160620231919856,2024-05-13,Recife,0,0.81114304,1494586,26.8571428571429,76.2197148571429,1,0,1,73.6588022857143,71.8318268571429,27.4107142857143,27.8571428571429,56,,,,,4740
1682812800000,202318,107.0,107,107,107,0.064222515,7.159173,0,2,261160620231819848,2024-05-05,Recife,0,0.8207924,1494586,27.5714285714286,75.0340541428571,1,0,1,73.4107367142857,72.4594801428571,27.9285714285714,28,58,,,,,4740
1682208000000,202317,117.0,117,117,117,0.072493136,7.8282547,0,2,261160620231719841,2024-04-28,Recife,0,0.8337735,1494586,24.5909090909091,89.3786251818182,1,0,1,78.2234577272727,65.9292983636364,27.1212120909091,29.9090909090909,55,,,,,4740
1681603200000,202316,133.0,133,133,133,0.11843096,8.898786,0,2,261160620231619835,2024-04-22,Recife,0,0.8694767,1494586,25.2857142857143,88.8567694285714,1,0,1,74.9836624285714,62.4412692857143,27.7976188571429,30.2857142857143,70,,,,,4740
1680998400000,202315,144.0,144,144,144,0.034340713,9.634775,0,2,261160620231519827,2024-04-14,Recife,0,0.8157609,1494586,24.7142857142857,87.4232665714286,1,0,1,73.6350322857143,63.3953774285714,27.5773811428571,30,63,,,,,4740
1680393600000,202314,140.0,140,140,140,0.0002596724,9.367143,0,2,261160620231419821,2024-04-08,Recife,0,0.6858932,1494586,25,87.3779771428571,1,0,1,74.4509642857143,63.8651137142857,27.6488094285714,29.8571428571429,69,,,,,4740
1679788800000,202313,177.0,177,177,177,0.037329596,11.842745,0,2,261160620231319814,2024-04-01,Recife,0,0.8345107,1494586,25.7142857142857,81.7221328571429,1,0,1,73.268316,66.2369022857143,27.2933674285714,28.2857142857143,81,,,,,4740
1679184000000,202312,206.0,206,206,206,0.9050696,13.783081,0,3,261160620231219808,2024-03-26,Recife,0,1.1427214,1494586,24.2857142857143,89.7035814285714,1,0,1,80.2768564285714,69.7261528571429,26.2380951428571,28.4285714285714,106,,,,,4740
1678579200000,202311,251.0,251,251,251,1.0,16.79395,0,3,261160620231119800,2024-03-18,Recife,0,1.899196,1494586,26.5384615384615,77.1136944615385,1,1,1,75.3465044615385,73.6169796923077,26.8461538461538,27.1538461538462,156,,,,,4740
1677974400000,202310,191.0,191,191,191,1.0,12.779459,0,3,261160620231019794,2024-03-12,Recife,0,1.9423469,1494586,28,71.2204783703704,1,1,1,70.2294016296296,68.869290962963,28.0555555555556,28.1111111111111,108,,,,,4740
1677369600000,202309,109.0,109,109,109,0.99149215,7.2929897,0,3,261160620230919786,2024-03-04,Recife,0,1.4221932,1494586,28,72.4254245714286,1,1,1,71.9249088571429,71.7997794285714,28,28,51,,,,,4740
1676764800000,202308,102.0,102,102,102,0.9975071,6.824632,0,2,261160620230819780,2024-02-27,Recife,0,1.5488698,1494586,26,83.3246614285714,1,1,1,75.3662177142857,67.8499231428571,27.6190474285714,29.2857142857143,53,,,,,4740
1676160000000,202307,74.0,74,74,74,0.72259223,4.951204,0,2,261160620230719773,2024-02-20,Recife,0,1.1043224,1494586,27.7619047619048,75.487479952381,1,0,0,74.7163019047619,73.9451214285714,27.9285714285714,28.0952380952381,32,,,,,4740
1675555200000,202306,50.0,50,50,50,0.036569826,3.345408,0,2,261160620230619768,2024-02-15,Recife,0,0.71968937,1494586,26.8571428571429,73.3432752857143,1,0,0,72.1872738571429,71.2893895714286,27.095238,27.2857142857143,28,,,,,4740
1674950400000,202305,77.0,77,77,77,0.7607073,4.6568985,0,2,261160620230519759,2024-02-06,Recife,0,1.1244097,1653461,27.7142857142857,69.3387148571429,1,0,0,67.6362685714286,65.9930538571429,28.0476191428571,28.5714285714286,35,,,,,4740
1674345600000,202304,65.0,65,65,65,0.55298716,3.931148,0,2,261160620230419752,2024-01-30,Recife,0,1.0237046,1653461,27.7142857142857,71.1563145714286,1,0,0,71.1563145714286,71.1563145714286,27.7142857142857,27.7142857142857,31,,,,,4740
1673740800000,202303,78.0,78,78,78,0.9806561,4.7173777,0,2,261160620230319747,2024-01-25,Recife,0,1.4350406,1653461,26.8571428571429,74.1516305714286,1,0,0,74.1516305714286,74.1516305714286,26.8571428571429,26.8571428571429,30,,,,,4740
1673136000000,202302,56.0,56,56,56,0.97701335,3.3868353,0,2,261160620230219747,2024-01-25,Recife,0,1.5168421,1653461,26.8571428571429,73.599946,1,0,0,69.2205991428571,62.9186587142857,27.8154762857143,29.1428571428571,23,,,,,4740
1672531200000,202301,70.0,70,70,70,0.9999999,4.233544,0,2,261160620230119740,2024-01-18,Recife,0,3.169345,1653461,25,83.081898,1,0,0,72.1169994285714,63.8028641428571,27.3463205714286,29.4285714285714,24,,,,,4740
1734825600000,202452,121.0,121,121,121,0.2936438,8.095887,0,2,261160620245220437,2025-12-15,Recife,,0.93380964,1494586,24.6904571428571,82.068,1,0,1,69.3362142857143,54.5096857142857,27.0391,30.0159857142857,50,,,,,15576
1734220800000,202451,120.0,120,120,120,0.27785903,8.028979,0,2,261160620245120437,2025-12-15,Recife,,0.92817223,1494586,24.9889428571429,87.4425285714286,1,0,1,75.7581142857143,62.2370285714286,27.1125,29.7591,64,,,,,15576
1733616000000,202450,147.0,147,147,147,0.7443049,9.8355,0,2,261160620245020437,2025-12-15,Recife,,1.081111,1494586,24.7830857142857,82.8427714285714,1,0,1,70.3693428571429,55.7192428571429,27.0241571428571,29.9942285714286,70,,,,,15576
1733011200000,202449,112.0,112,112,112,0.008650752,7.493714,0,2,261160620244920431,2025-12-09,Recife,,0.7445419,1494586,24.4233571428571,84.5528571428571,1,0,1,73.5746571428571,59.9023571428571,26.5964571428571,29.6091571428571,44,,,,,15576
1732406400000,202448,141.0,141,141,141,0.069659814,9.434051,0,2,261160620244820424,2025-12-02,Recife,,0.8448707,1494586,24.6890142857143,81.2203714285714,1,0,1,67.3342428571429,48.3013857142857,27.1462857142857,30.7216571428571,80,,,,,15576
1731801600000,202447,141.0,141,141,141,0.025454767,9.434051,0,2,261160620244720418,2025-11-26,Recife,,0.80269,1494586,24.0563,85.9265571428571,1,0,1,71.7683428571429,52.9278142857143,26.5686714285714,30.1393428571429,71,,,,,15576
1731196800000,202446,181.0,181,181,181,0.6865026,12.110377,0,2,261160620244620410,2025-11-18,Recife,,1.0530454,1494586,24.1953571428571,84.0050428571429,1,0,1,69.6770857142857,51.5413285714286,26.5014,29.7969714285714,104,,,,,15576
1730592000000,202445,173.0,173,173,173,0.8454316,11.575111,0,2,261160620244520403,2025-11-11,Recife,,1.1188745,1494586,24.1025571428571,81.2122428571429,1,0,1,69.3443285714286,55.4813714285714,26.2288,29.1902285714286,95,,,,,15576
1729987200000,202444,193.0,193,193,193,0.9979421,12.913275,0,2,261160620244420395,2025-11-03,Recife,,1.3711563,1494586,24.0984714285714,84.0256857142857,1,1,1,71.0757,54.7844714285714,26.2836428571429,29.2716142857143,91,,,,,15576
1729382400000,202443,147.0,147,147,147,0.74695945,9.8355,0,2,261160620244320389,2025-10-28,Recife,,1.0821956,1494586,24.1317142857143,79.3836571428571,1,0,1,67.0858714285714,51.3744714285714,26.3025142857143,29.3532714285714,66,,,,,15576
1728777600000,202442,130.0,130,130,130,0.54100627,8.698061,0,2,261160620244220381,2025-10-20,Recife,,1.0128741,1494586,24.1822285714286,82.6436285714286,1,0,1,69.0415428571429,50.9879857142857,26.5693714285714,29.9511285714286,60,,,,,15576
1728172800000,202441,146.0,146,146,146,0.94877577,9.768592,0,2,261160620244120375,2025-10-14,Recife,,1.2222041,1494586,23.3294,83.8028285714286,1,0,1,68.4409142857143,49.7913571428571,26.0502428571429,29.6902428571429,74,,,,,15576
1727568000000,202440,131.0,131,131,131,0.8414902,8.764969,0,2,261160620244020367,2025-10-06,Recife,,1.1358944,1494586,23.3449,83.0958571428571,1,0,1,71.0559714285714,56.0782571428571,25.3857571428571,28.2001428571429,68,,,,,15576
1726963200000,202439,110.0,110,110,110,0.3891624,7.3598976,0,1,261160620243920363,2025-10-02,Recife,,0.9631622,1494586,23.1413,84.5451,1,0,1,71.3298428571429,56.5265285714286,25.3050428571429,28.2075142857143,55,,,,,15576
1726358400000,202438,123.0,123,123,123,0.6129188,8.229704,0,1,261160620243820353,2025-09-22,Recife,,1.0375515,1494586,23.0549857142857,82.5257,1,0,1,70.6000428571429,56.4442,25.0418571428571,27.8008285714286,74,,,,,15576
1725753600000,202437,105.0,105,105,105,0.035299063,7.025357,0,1,261160620243720346,2025-09-15,Recife,,0.7906584,1494586,22.6639285714286,85.0467285714286,0,0,1,75.7343571428571,64.0300857142857,24.3778714285714,26.6599,74,,,,,15576
1725148800000,202436,123.0,123,123,123,0.02971168,8.229704,0,1,261160620243620339,2025-09-08,Recife,,0.7970956,1494586,22.7314,76.4604857142857,0,0,1,66.5669428571429,53.0249142857143,24.7101571428571,27.4987857142857,74,,,,,15576
1724544000000,202435,112.0,112,112,112,0.0009631039,7.493714,0,1,261160620243520332,2025-09-01,Recife,,0.6861787,1494586,22.2601,83.5812428571429,0,0,1,72.4750571428571,58.3299428571429,24.2411857142857,26.9807571428571,54,,,,,15576
1723939200000,202434,177.0,177,177,177,0.73186964,11.842745,0,1,261160620243420328,2025-08-28,Recife,,1.0690482,1494586,22.7164571428571,84.5741428571429,0,0,1,76.0165285714286,65.1606714285714,24.4406285714286,26.6607714285714,86,,,,,15576
1723334400000,202433,170.0,170,170,170,0.32521793,11.374388,0,1,261160620243320320,2025-08-20,Recife,,0.9526561,1494586,22.7604857142857,83.5839857142857,0,0,1,71.7991142857143,58.5010285714286,24.9446142857143,27.8049142857143,72,,,,,15576
1722729600000,202432,148.0,148,148,148,0.0067750337,9.902408,0,1,261160620243220312,2025-08-12,Recife,,0.7648486,1494586,22.0127857142857,83.8519285714286,0,0,1,74.4867285714286,64.1487714285714,24.0801857142857,26.4909142857143,60,,,,,15576
1722124800000,202431,181.0,181,181,181,0.08056835,12.110377,0,1,261160620243120305,2025-08-05,Recife,,0.86761504,1494586,23.0476857142857,85.1205714285714,1,0,1,76.0037857142857,61.9397714285714,24.7128285714286,27.1305714285714,97,,,,,15576
1721520000000,202430,207.0,207,207,207,0.041137137,13.849989,0,1,261160620243020298,2025-07-29,Recife,,0.8489152,1494586,22.4150428571429,83.7740285714286,0,0,1,72.5853,60.5156857142857,24.1168,26.5516571428571,91,,,,,15576
1720915200000,202429,187.0,187,187,187,5.549e-07,12.511826,0,1,261160620242920291,2025-07-22,Recife,,0.6377712,1494586,22.6601857142857,83.6414,0,0,1,75.7858857142857,66.5497,24.3296428571429,26.3974857142857,86,,,,,15576
1720310400000,202428,231.0,231,231,231,5.37666e-05,15.455785,0,1,261160620242820283,2025-07-14,Recife,,0.7178764,1494586,22.5176,90.1951,0,0,1,82.3395857142857,73.1600285714286,24.2666,26.1853714285714,96,,,,,15576
1719705600000,202427,308.0,308,308,308,0.2592892,20.607714,0,1,261160620242720278,2025-07-09,Recife,,0.9499728,1494586,22.6248,90.9060571428571,0,0,1,82.3851857142857,71.2839,24.3238428571429,26.5151571428571,131,,,,,15576
1719100800000,202426,359.0,359,359,359,0.9003584,24.02003,0,1,261160620242620269,2025-06-30,Recife,,1.1031021,1494586,22.4778714285714,90.1773285714286,0,0,1,81.4677285714286,69.9057428571429,24.6225714285714,27.1272428571429,184,,,,,15576
1718496000000,202425,294.0,294,294,294,0.111718684,19.671,0,2,261160620242520262,2025-06-23,Recife,,0.90672296,1494586,23.1272428571429,89.7296571428571,1,0,1,81.9929142857143,73.3473857142857,24.8697571428571,26.9961714285714,160,,,,,15576
1717891200000,202424,352.0,352,352,352,0.8563985,23.551672,0,2,261160620242420255,2025-06-16,Recife,,1.0852718,1494586,23.8353857142857,90.0765428571429,1,0,1,82.8419142857143,73.1709,25.2838,27.3042,159,,,,,15576
1717286400000,202423,310.0,310,310,310,0.23563138,20.74153,0,2,261160620242320248,2025-06-09,Recife,,0.9445847,1494586,23.7747571428571,93.2197142857143,1,0,1,86.2522571428571,77.7393714285714,25.5320857142857,27.8105571428571,130,,,,,15576
1716681600000,202422,334.0,334,334,334,0.4636375,22.347326,0,2,261160620242220241,2025-06-02,Recife,,0.9929786,1494586,23.9968714285714,90.8445142857143,1,0,1,84.3257857142857,75.1786857142857,25.4837428571429,27.6009857142857,141,,,,,15576
1716076800000,202421,317.0,317,317,317,0.10067147,21.209887,0,2,261160620242120236,2025-05-28,Recife,,0.90578896,1494586,24.0886714285714,89.4841714285714,1,0,1,81.8970714285714,72.5453714285714,25.8551571428571,28.0187,129,,,,,15576
1715472000000,202420,349.0,349,349,349,0.05024727,23.350948,0,2,261160620242020227,2025-05-19,Recife,,0.88640946,1494586,24.4243857142857,91.9612,1,0,1,82.6064714285714,71.3267428571429,26.4019,28.8280285714286,132,,,,,15576
1714867200000,202419,335.0,335,335,335,6.454e-07,22.414234,0,2,261160620241920223,2025-05-15,Recife,,0.70954645,1494586,24.7221857142857,92.4212,1,0,1,83.7003285714286,73.0781428571429,26.4931428571429,28.7552142857143,142,,,,,15576
1714262400000,202418,353.0,353,353,353,1e-10,23.61858,0,4,261160620241820213,2025-05-05,Recife,,0.6483023,1494586,24.9795285714286,88.5749714285714,1,0,1,78.6864857142857,67.0244714285714,27.0385714285714,29.4592571428571,140,,,,,15576
1713657600000,202417,496.0,496,496,496,0.0023158798,33.186447,0,4,261160620241720206,2025-04-28,Recife,,0.8418405,1494586,25.0235714285714,91.9511714285714,1,0,2,82.8534285714286,73.2801714285714,27.1755285714286,29.7661285714286,181,,,,,15576
1713052800000,202416,560.0,560,560,560,0.07222729,37.46857,0,4,261160620241620200,2025-04-22,Recife,,0.918196,1494586,25.1445857142857,93.1904142857143,1,0,2,84.1242857142857,71.7897571428571,27.0196571428571,29.6188285714286,213,,,,,15576
1712448000000,202415,599.0,599,599,599,0.06363164,40.077988,0,4,261160620241520192,2025-04-14,Recife,,0.9174008,1494586,25.1138571428571,92.4785714285714,1,0,2,82.5116714285714,71.5692857142857,27.1265714285714,29.5064857142857,202,,,,,15576
1711843200000,202414,640.0,640,640,640,0.0004844823,42.821224,0,4,261160620241420188,2025-04-10,Recife,,0.83825725,1494586,25.0172,93.4323714285714,1,0,2,82.8469857142857,69.1060857142857,27.2937857142857,30.2710142857143,252,,,,,15576
1711238400000,202413,544.0,544,544,544,0.0,36.39804,0,4,261160620241320178,2025-03-31,Recife,,0.622833,1494586,24.9745142857143,93.9551142857143,1,0,2,84.2795714285714,74.3591428571429,26.9718,29.2177714285714,190,,,,,15576
1710633600000,202412,808.0,808,808,808,0.0029378748,54.061794,0,4,261160620241220171,2025-03-24,Recife,,0.8758598,1494586,25.6161714285714,90.3287,1,0,2,81.1856571428571,70.2741571428571,27.5410714285714,30.0967857142857,271,,,,,15576
1710028800000,202411,904.0,904,904,904,0.7266231,60.484978,0,4,261160620241120165,2025-03-18,Recife,,1.028953,1494586,25.2962714285714,91.7673714285714,1,0,2,81.7721285714286,69.4362571428571,27.4290428571429,30.0205714285714,299,,,,,15576
1709424000000,202410,960.0,960,960,960,1.0,64.231834,0,4,261160620241020157,2025-03-10,Recife,,1.335579,1494586,25.4601857142857,90.4632285714286,1,1,2,81.0710428571429,69.7923428571429,27.5752142857143,30.0910714285714,315,,,,,15576
1708819200000,202409,966.0,966,966,966,1.0,64.633286,0,4,261160620240920153,2025-03-06,Recife,,1.9571571,1494586,25.0480428571429,92.4572142857143,1,1,2,81.9243428571429,69.0182571428571,27.1303428571429,30.0077571428571,333,,,,,15576
1708214400000,202408,765.0,765,765,765,1.0,51.184742,0,3,261160620240820145,2025-02-26,Recife,,2.559624,1494586,25.2743571428571,92.9002428571429,1,1,2,82.7339714285714,71.0914,27.2645428571429,29.8103428571429,221,,,,,15576
1707609600000,202407,472.0,472,472,472,1.0,31.580652,0,3,261160620240720137,2025-02-18,Recife,,2.5685546,1494586,25.2814,89.1084,1,1,2,79.6530142857143,66.5952571428572,27.2921571428571,30.0085857142857,139,,,,,15576
1707004800000,202406,242.0,242,242,242,1.0,16.191774,0,3,261160620240620130,2025-02-11,Recife,,1.8978235,1494586,26.0835285714286,83.0099428571429,1,1,1,70.4713,54.5868285714286,28.4076714285714,31.6267285714286,65,,,,,15576
1706400000000,202405,164.0,164,164,164,0.99996763,10.972939,0,3,261160620240520122,2025-02-03,Recife,,1.6470028,1494586,25.6702142857143,84.1740571428571,1,1,1,71.6102285714286,56.9891,27.8779714285714,30.8514571428571,51,,,,,15576
1705795200000,202404,120.0,120,120,120,0.98919797,8.028979,0,2,261160620240420116,2025-01-28,Recife,,1.3780591,1494586,25.9173142857143,86.3405,1,1,1,73.4709142857143,57.3135428571429,28.2702285714286,31.4186285714286,28,,,,,15576
1705190400000,202403,90.0,90,90,90,0.8871632,6.021734,0,3,261160620240320109,2025-01-21,Recife,,1.2078753,1494586,25.1960571428571,86.3408714285714,1,0,1,72.7036857142857,56.6213857142857,27.5325857142857,30.6776285714286,29,,,,,15576
1704585600000,202402,85.0,85,85,85,0.9967658,5.687194,0,3,261160620240220102,2025-01-14,Recife,,1.5969551,1494586,25.0414428571429,86.0785,1,1,1,73.5840571428571,58.2131,27.4324285714286,30.4655714285714,19,,,,,15576
1703980800000,202401,93.0,93,93,93,0.9999997,6.222459,0,2,261160620240120095,2025-01-07,Recife,,2.4947472,1494586,25.1708,88.8234142857143,1,1,1,75.1299571428571,58.6317571428571,27.6140142857143,30.9190714285714,16,,,,,15576
